shard,i,relwidth_M,relwidth_a_star,relwidth_eps_f,relwidth_eps_Q,relwidth_log10_A_bounce,relwidth_log10_dt_bounce_s,relwidth_D_L,relwidth_i
0,0,0.021668674262291195,0.2172351694967394,0.24874072829180677,0.23785104886111755,0.00046159278071206903,1.3603340749783518e-05,0.14325951536385306,0.21114364231441374
0,1,0.12892965002468054,0.22856277656413065,0.2613109043319658,0.20159746277271884,0.0008805503561191331,0.0003731296934463221,0.10633779834521528,0.1440474723330118
0,2,2.474810326534533e-05,6.389748792658967e-12,2.667970537361819e-05,2.4316625695177445e-09,3.2194701691383657e-06,6.9631237438985426e-12,0.0005551221353175779,0.005762802676285795
0,3,0.013576060009378941,0.31978074760450687,0.3042091004351723,0.2815035238559947,0.12919785469103784,0.28426037820857736,0.11435641786119641,0.14578963582724327
0,4,4.080799527125339e-05,7.7088362528715e-12,4.399232135068931e-05,2.8554693758490393e-09,3.7682726432237035e-06,8.455204884869996e-12,0.00039480220044505344,0.004703369395078861
0,5,7.336564996169669e-10,3.3295255659902968e-12,8.202204433659981e-10,1.059290365002975e-09,2.231432856122308e-06,4.1196029022935145e-12,0.0003161272875136983,0.003931206989485144
0,6,0.019786950458168112,0.21365653672318283,0.2550134688591776,0.2300849302827815,0.004924035316330647,7.563014116160831e-05,0.16544835035478542,0.22544165054255705
0,7,2.673019842066002e-09,1.0991100891040784e-11,2.250257397768574e-09,3.499486609146443e-09,3.848335363613016e-06,1.5370980937684328e-11,0.00035313488751128805,0.004062775756184536
0,8,0.09852228358913004,0.1296828884847057,0.22263972191817374,0.19319419802928461,0.00048142132241942384,2.3923011110341537e-05,0.15206840667990948,0.2826867268353253
0,9,0.02738607023946535,0.22271699704989767,0.26719548439210045,0.2581945622116174,0.0055393518360157415,0.0005936565555029544,0.13311615320019224,0.18045586604643218
0,10,0.00012089110709657167,6.481356503548736e-12,0.00013045963238132025,2.1871393901994224e-09,3.2304178063796626e-06,6.2699645719316384e-12,0.0003923884914117795,0.004370300290774336
0,11,0.08072964264856342,0.133353219301232,0.17488603332649824,0.06519427994785401,5.6336430500253405e-06,7.111380756345134e-08,0.09052133505356467,0.25531663446871916
0,12,9.222457755871263e-10,1.1286124349714517e-11,1.0719838491297376e-09,2.7833011612385788e-09,3.4884626136987102e-06,1.818412967758254e-11,0.0003204676557139214,0.0038062414871557508
0,13,0.010757179436197207,0.18620997287740704,0.20047807136371526,0.2608443897728041,4.0708717349902716e-05,2.760409882453101e-06,0.0937800790127723,0.11431885676209155
0,14,0.00010454126106489944,5.281569991168148e-11,0.00011275494892399835,2.194258728387258e-08,9.416611351795062e-06,5.322217471921141e-11,0.0004055054909435528,0.004530130126666743
0,15,6.780584714594022e-10,8.602652708579543e-12,7.867675065576534e-10,2.18573457097726e-09,3.359085561901194e-06,1.5086182390774506e-11,0.0009614004083317603,0.006432388580271822
0,16,3.0530556466635017e-09,4.631732392390332e-12,3.0163868260299664e-09,1.754394538524099e-09,2.563035055921554e-06,5.0171855747272015e-12,0.0004167088323764102,0.004473728920022622
0,17,0.024260653357318272,0.2601866873197559,0.2644064266792477,0.27724172905593714,0.12222791345698654,0.289072429487673,0.15970048390173283,0.22702444680689077
0,18,0.039729131793831404,0.22046616379812495,0.2556710186520375,0.2170705945401071,0.009778145937227284,0.00036985326601328205,0.16925478617522566,0.2804335241890947
0,19,0.07857586144135363,0.17274262758472753,0.2174283103611979,0.1325036436406897,2.0346098044823824e-05,3.098258583849551e-07,0.11774048440599942,0.16806618153340072
0,20,0.01630482835683856,0.19121300903332752,0.19258834216016252,0.22278643936402684,2.2113652800182284e-05,1.8141701803019833e-08,0.1672620974166102,0.25494681953193904
0,21,4.080166959259564e-09,4.841306485584385e-12,3.905213403294141e-09,1.8861105756031164e-09,2.933037138174177e-06,5.8914737105702505e-12,0.0005558337496083476,0.005046003037520463
0,22,0.03199578283739647,0.07819047054464506,0.22797853287529554,0.1554130442853372,0.0006877740741764689,0.0004302730244331705,0.11612960507147502,0.16528842598401902
0,23,0.03731670057122539,0.18614506302420825,0.24963450711463078,0.17543311299207118,4.8602662257081754e-05,1.1115509913233504e-05,0.14340751800432058,0.220323360712468
0,24,1.2896347620089237e-05,2.4637285045546737e-12,1.3913606332483954e-05,8.859057980844432e-10,2.060849271282076e-06,2.518927718391391e-12,0.00030958128477400246,0.00411312794385092
25,0,1.5142571269027582e-09,1.9532541739467307e-11,1.5362905058613243e-09,4.525923938598546e-09,4.514236804688604e-06,3.202069413502374e-11,0.0004617026339333001,0.00495109737327779
25,1,0.0001139272420523203,2.074522386651704e-12,0.00012287342582944445,7.809878211739058e-10,1.9587348690409364e-06,2.1115537121097924e-12,0.00033345232470501605,0.004166733618013411
25,2,0.047034123421022735,0.23388183550737646,0.25027859078001585,0.22260404363609895,0.13389522209729826,0.30823219676674396,0.1597989593788973,0.26019264650431617
25,3,0.04645995062166024,0.1905140459683547,0.21441224455700325,0.14196644393062785,7.254890538759008e-05,5.041386444594311e-06,0.14652959814503064,0.22179752549117435
25,4,8.655812428524238e-05,4.873513945635622e-12,9.335550648552107e-05,1.8056541692739915e-09,2.8477492841909885e-06,5.579628512601413e-12,0.0003158764653412042,0.0038676852090103377
25,5,0.026159001411461887,0.086827911210298,0.25132967931869005,0.2504500487451176,0.1272282023937438,0.26750510970305114,0.1699800806625828,0.2689399088724213
25,6,8.363135513486371e-05,2.4116141760324806e-12,9.021030450478137e-05,8.815137854508365e-10,1.919125354953637e-06,2.5881825647411512e-12,0.00033933774851724715,0.003966445242225103
25,7,5.037414503610287e-07,2.5997253519132e-12,5.887618347253417e-07,9.484549474945813e-10,2.081121786772629e-06,2.5844326960794584e-12,0.0003248292874824921,0.004188856222155024
25,8,0.06437640296606434,0.2180847010321935,0.266188761237412,0.14642069180964734,0.004687862466683622,0.0001422796695284345,0.13740304068728634,0.21542748301247866
25,9,0.06927423282153576,0.1699649554199095,0.1938056947891915,0.2164559304818042,4.867844223563333e-05,0.00022646386192155528,0.08015724075675881,0.11168837857417084
25,10,1.00876222407843e-09,4.254413920129732e-12,1.1565343318862772e-09,1.286433268026302e-09,2.2502711806485485e-06,4.804313247432963e-12,0.0003216760776807806,0.003907305978773893
25,11,0.08573581552234254,0.19593544903665708,0.23522701669014884,0.1618730447880225,3.944594145208907e-05,2.670388835087132e-07,0.12674449648263827,0.16594211480955032
25,12,0.01585104999463185,0.19330302762676935,0.21980668858273267,0.22809859953156006,1.4018843145773545e-05,6.43593592129649e-08,0.12212963718205108,0.17205158143787136
25,13,0.056142160656181585,0.1806997136307198,0.17722633023291848,0.1343984471329123,1.822183359587105e-05,2.212372266668105e-06,0.13773580697362872,0.23768748960643313
25,14,0.10652519343382329,0.1321619443000897,0.23850891704008015,0.14122856715826562,3.754728534539692e-05,7.424784141562735e-07,0.11469175897511902,0.15289449902013727
25,15,3.473727771105109e-08,7.44585160951531e-11,3.6743302926789785e-08,2.3463053107841783e-08,1.0818796816065602e-05,8.424392393397556e-11,0.0004259621837506468,0.004274599412390044
25,16,0.05944963830911909,0.16158686743639475,0.24868574470365054,0.2042897883804834,0.009556448351781923,0.00025535771341694157,0.1578523398631105,0.26119027943485545
25,17,0.056569176775575124,0.23557097123420728,0.24077639488724362,0.16943929720132778,0.05253700897476342,0.10360789154287756,0.11721424456242778,0.27925542291290373
25,18,5.737917086733479e-05,5.228113579556019e-12,6.188436644369297e-05,1.7384324269824427e-09,2.844773402264627e-06,5.356917964602512e-12,0.00034350952020895993,0.004057517695793179
25,19,1.1593141406966528e-09,5.88260765460154e-12,1.2665869857830364e-09,1.7064338694861835e-09,2.747821056710879e-06,6.6190981647939775e-12,0.00029275148350123124,0.003784416819483129
25,20,0.03514012954783338,0.13163401925576124,0.17873242080579677,0.15702524141413765,0.07724211720501375,0.18861045377284735,0.0362553614349788,0.12335517482872115
25,21,0.0896616442475154,0.17212068495590493,0.23783891547317593,0.06265290025093996,0.0010110958087642674,0.0024798909037638773,0.08552043786956808,0.2914180748200683
25,22,1.2780833183099876e-05,2.1522447322126858e-12,1.3778453019475837e-05,7.188053118977719e-10,1.9362538095822365e-06,2.310227455539742e-12,0.00033878731455892866,0.004056930921652933
50,0,2.8733263859220824e-10,1.738842269532777e-08,2.731895208707459e-10,2.6311782741776272e-09,3.4764402877150127e-06,5.169004218844087e-12,0.0002904886638450202,0.003738089691392594
50,1,3.893774982955849e-09,2.9035771204979584e-12,3.4748942962979556e-09,1.1790658462811683e-09,2.3491144534956057e-06,3.5043845329291456e-12,0.0003637839075993431,0.004359586180150877
50,2,1.427829001076532e-09,1.0247194479864115e-11,1.587586785089905e-09,3.248543673558851e-09,3.7604853027439584e-06,1.594054006951774e-11,0.0003040380788141412,0.0038370402591127177
50,3,0.07913475879215212,0.02224602838806447,0.18035355821053708,0.0504522474933574,5.86946024987251e-06,1.0172935544298528e-05,0.09027658983717943,0.13386530535550617
50,4,4.0806103732399143e-10,2.941879504264463e-12,5.278236192836291e-10,9.478339036932717e-10,2.116160303596164e-06,4.631771196485359e-12,0.0003289000287566695,0.0038505067293889083
50,5,0.05788093435412828,0.018051631074421367,0.17897615553391052,0.1628074223158588,0.036202617552321285,0.07040012725789255,0.10328427568362299,0.09332052684046199
50,6,4.2805035482517945e-09,3.493566406570109e-11,4.3764328083886136e-09,1.0181702517501358e-08,6.4933906154027895e-06,5.876169311468662e-11,0.0006058130979922343,0.0052194876729622156
50,7,0.03949091822827823,0.2159985624214686,0.2741981812724385,0.17634697256502918,0.14156455195678377,0.26242678745266174,0.14594918541597432,0.2125982402644503
50,8,2.605835484274485e-09,1.2160906022531409e-11,2.8209218584912662e-09,3.5790333747876954e-09,4.210817590193211e-06,1.6184194298198233e-11,0.00035148330267709057,0.004153950494537511
50,9,0.04886182589134347,0.21591166081052454,0.2403190798548285,0.12334817150313745,0.11328389275023047,0.2748344967502912,0.08649633760266234,0.2916350967649043
50,10,6.347993057678488e-10,3.105515763666354e-12,7.138616783090471e-10,9.142620971608704e-10,1.9360332105912855e-06,3.755207013052553e-12,0.0003420763161023356,0.004044661111748384
50,11,2.285098245270754e-05,1.8202854149419667e-12,2.463878946737147e-05,6.354049497812322e-10,1.7384365583353077e-06,2.0007639001625073e-12,0.00037719074230732033,0.004165895251452395
50,12,2.900965353467767e-08,9.898559390651043e-12,3.109581318957744e-08,4.164163599498485e-09,4.245550328120764e-06,1.0944807239127292e-11,0.0002982353804881427,0.00385470904056021
50,13,0.03851752007681061,0.009502966098932355,0.21917061965963122,0.19756480209800975,0.1192123714001532,0.2616116947793835,0.1489226240535133,0.2574620096208898
50,14,0.04036825255550973,0.2311516467827126,0.2703145969022399,0.23225833072634652,0.14276396575904762,0.3220099661440583,0.14306916200322076,0.21704607935481685
50,15,0.04544120486032646,0.00062953184517753,0.12955569581442378,0.11915085902402005,0.000514034021963243,0.00037666265484216996,0.08807000831266977,0.22223111817095803
50,16,2.6948150074957887e-10,1.7917144432181975e-08,2.784695903147054e-10,2.5129066623288743e-09,3.680679396294974e-06,4.908226398236193e-12,0.00041251664318592025,0.00488118333436273
50,17,0.00048381391637166603,0.00813038042630792,0.013228114863877843,0.013646265712060818,0.006454657668224027,4.836034640876484e-06,0.14372840065624512,0.18360819019746216
50,18,0.044247057892749526,0.2023970441886289,0.26890145580707203,0.21695838266634979,0.001232359439719385,0.0012290880916475061,0.11492521359151425,0.1756068362121611
50,19,4.877642910044298e-05,4.8868054799496465e-12,5.261042449148035e-05,1.7705277956882685e-09,2.7828353821631187e-06,5.521167765867983e-12,0.0004795867253339222,0.004645346091683414
50,20,0.03662848478303796,0.17702596093573283,0.2605314217545868,0.08655235245417242,0.11610246145054563,0.28887256391750027,0.16821063595160637,0.26222605409898814
50,21,0.08847880481809783,0.13430762394245388,0.23210482135912244,0.20902662249682089,0.0015189768625577227,0.00012224065353151693,0.1501791569169968,0.2532651527959412
50,22,0.024255477338095927,0.1938080735118052,0.2517544855044062,0.21019310221027296,0.00017119862137830166,3.7686331918286867e-06,0.16968172390708824,0.25112206387232194
50,23,0.0001089858708797905,6.5815626187978074e-12,0.00011758149612093948,2.456506478085037e-09,3.31548101550239e-06,6.495568774110227e-12,0.0004746357228542428,0.004667769600194245
50,24,0.07084871857994135,0.06484409543319689,0.20945449985382403,0.19509639769357476,0.00636471880090706,1.0778705056022272e-05,0.14165209113945898,0.2784521659222015
75,0,0.023862956859520824,0.2516758732968923,0.26107995189067784,0.27627362142329615,0.1351026677678343,0.2816216779223592,0.16199926933513473,0.21923618027717087
75,1,9.983011768180846e-10,6.416040351787828e-12,1.0490123412984262e-09,1.692167789902338e-09,2.9255912114071607e-06,9.019813001201204e-12,0.0005925648425248497,0.0054176260765857335
75,2,0.00011211311779779021,2.0243291020844996e-11,0.0001209423780587331,8.209333903673496e-09,6.104300507288585e-06,2.37218448819757e-11,0.00043207865271135395,0.004554560462731004
75,3,0.045784603255249245,0.021561377578030304,0.11387824277847416,0.07879572378395559,2.6746901943690793e-05,7.138183298318082e-07,0.12874672289015163,0.28602401206256833
75,4,1.461097339857178e-08,1.301753250975832e-10,1.527399996275195e-08,3.331208036097274e-08,1.3150228427586343e-05,1.8250627942945323e-10,0.00043456552273429946,0.0046369767230632465
75,5,2.7527123738768616e-09,1.9689577211031872e-11,2.9036748619701894e-09,6.1068914730473536e-09,5.374090671391238e-06,3.17058957347778e-11,0.00033539248671613756,0.0039046561556789275
75,6,4.459992527630202e-06,3.6062782516998114e-12,4.8143984929811285e-06,1.2045031548133066e-09,2.461314082778901e-06,3.6242979311260587e-12,0.0003268984773027768,0.004172948069910611
75,7,0.007191915798877688,0.10187990326799187,0.13570420173910666,0.2259967266502248,0.0003910266589169254,7.575162116457981e-07,0.15288739966904255,0.20804817207904444
75,8,0.0001119503176757216,9.905895473273399e-12,0.00012075929277517799,3.6126858194717503e-09,4.114165801188017e-06,1.120873712675164e-11,0.0003464961562345394,0.003908543459781934
75,9,0.032085671874379794,0.22173263555987738,0.27438713969352013,0.23963602900326875,0.006012845871867882,0.003297197262075946,0.1289551911211417,0.1713617440361539
75,10,0.00010081931944858819,5.172717088620017e-12,0.00010874635355203969,2.280682487613479e-09,3.3081140517048326e-06,6.4264250262986744e-12,0.0003951628903106927,0.004471469404207503
75,11,0.022119378243751976,0.2466863319880629,0.26968112456635435,0.2691461283755896,0.15211353365007416,0.3350462532961147,0.1604127613828976,0.20688337055304978
75,12,0.019671160281424543,0.18013088949923858,0.25149653810458883,0.23142874571405228,0.00033903695233677766,3.4396912778519275e-07,0.12230471675051077,0.16088915504660706
75,13,1.861083565469589e-10,2.0157313839331426e-12,2.090700640273734e-10,4.899373144082618e-10,1.4721383001283127e-06,3.857599547931324e-12,0.00035711656781744816,0.004043255652406725
75,14,0.0590620680908643,0.011250737861542513,0.16682533950021125,0.11315387477926986,4.277776085370879e-05,7.475950285104565e-05,0.1016402117629259,0.14155515098381607
75,15,0.026512717237047272,0.221457177332285,0.2515280050650589,0.2529314880387489,0.003081277292800802,0.0003042686022105269,0.16110124879734306,0.24688478326664895
75,16,0.04581751069919381,0.2023450213637843,0.24368040824953097,0.18576394842210475,0.00014760988341061773,7.454625439224767e-06,0.12102776881937187,0.17174412971645686
75,17,3.9838345970911784e-05,3.843431413123052e-12,4.297483439128958e-05,1.420570695474761e-09,2.5084196527077122e-06,4.890209780145102e-12,0.00030605945853980413,0.003988398235649327
75,18,0.011374249155733174,0.16592587679061244,0.16886779058701246,0.24607264179192107,0.0003111633536862427,1.9067227475483534e-05,0.18659954790093805,0.2753657218477438
75,19,0.052968172386119075,0.19100051946831156,0.23514186247691274,0.16396249249412148,2.2141190833818298e-05,9.512392735514707e-07,0.09456049370711858,0.11147415004186494
75,20,0.014691194755527864,0.13271824985661385,0.17210526727325098,0.24003925392115769,2.475702371745133e-06,1.0263084422251151e-08,0.1327658263762733,0.1654196777569367
75,21,5.292782019606548e-09,3.354672509247083e-11,5.906540553319595e-09,9.13634359101558e-09,6.764891884406923e-06,4.736844694564293e-11,0.00036020852102115573,0.00416493511558835
75,22,0.01275979887193879,0.14522797861153802,0.1775285396584782,0.24396002141533368,4.053026613907901e-06,3.4114548572158664e-09,0.14545699695645595,0.21449441047118764
75,23,2.0860425841873785e-10,3.4103017574913858e-12,2.428310947940399e-10,7.997341401041008e-10,1.8787236320737383e-06,1.0661971129249645e-11,0.0003654544313605041,0.004025959883621626
