seed,shard,i,M,a_star,eps_f,f_gr_hz,f_rd_hz,f_burst_hz,d_low_hz,d_high_hz,d_burst_low_hz,d_mask_high_hz,d_edge_hz,d_edge_frac,log10_d_low,log10_d_high,log10_d_edge,rank_M,in50_M,in68_M,in90_M,width90_M,rank_a_star,in50_a_star,in68_a_star,in90_a_star,width90_a_star,rank_eps_f,in50_eps_f,in68_eps_f,in90_eps_f,width90_eps_f,rank_eps_Q,in50_eps_Q,in68_eps_Q,in90_eps_Q,width90_eps_Q,rank_log10_A_bounce,in50_log10_A_bounce,in68_log10_A_bounce,in90_log10_A_bounce,width90_log10_A_bounce,rank_log10_dt_bounce_s,in50_log10_dt_bounce_s,in68_log10_dt_bounce_s,in90_log10_dt_bounce_s,width90_log10_dt_bounce_s,rank_D_L,in50_D_L,in68_D_L,in90_D_L,width90_D_L,rank_i,in50_i,in68_i,in90_i,width90_i
20260907,0,0,42.28662252940518,0.4927564614703514,0.1607945580640222,355.5550879648979,412.7264112016282,330.1811289613026,387.7264112016282,1532.8735887983717,310.1811289613026,1287.2735887983717,387.7264112016282,0.2018777523698991,1.2177222524809241,0.6733912964396791,0.6733912964396791,78,0,1,1,21.49678301385214,54,1,1,1,0.6630930195320288,77,0,1,1,0.4916911935879459,64,1,1,1,0.7792023618825861,15,0,0,1,0.010442408045445717,96,0,0,0,0.00014867916842420392,91,0,0,1,4847.383090761134,69,1,1,1,2.1163357328636914
20260908,0,1,238.91778885360608,0.6471480399900046,-0.23601232625052446,69.4941127441382,53.09264553467793,42.474116427742345,28.092645534677928,1892.507354465322,22.474116427742345,1646.907354465322,28.092645534677928,0.014627015273705055,0.3270943575146033,1.564019191406,0.3270943575146033,31,1,1,1,125.19119651885123,88,0,0,1,0.728699075775378,7,0,0,1,0.5026837637893316,31,1,1,1,0.6662376093182816,97,0,0,1,0.020096462435564177,22,0,1,1,0.0040938439754441,36,1,1,1,3537.1509265775776,84,0,0,1,1.3728182475217743
20260909,0,2,329.16625890667456,0.4640229096457729,-0.1512783221725939,44.93370358273937,38.13620829574188,30.508966636593506,13.13620829574188,1907.463791704258,10.508966636593506,1661.8637917042581,13.13620829574188,0.0068396377672299705,0.18339750232173965,1.7077160465988637,0.18339750232173965,100,0,0,0,82.1916296063898,94,0,0,1,0.5061996939956864,48,1,1,1,0.3023188111688461,9,0,0,1,0.27868988551602614,28,1,1,1,0.054557804583481584,93,0,0,1,0.011808360100744153,18,0,0,1,3201.1349151552527,43,1,1,1,2.474480326427702
20260910,0,3,25.44119209482095,0.9037135654427522,-0.015889322466995592,850.9444261991415,837.4234958097708,669.9387966478166,812.4234958097708,1108.176504190229,649.9387966478166,862.5765041902292,812.4234958097708,0.42300504832332125,1.5250051331678414,0.36610841575276193,0.36610841575276193,8,0,0,1,13.077663329342577,82,0,1,1,0.9209891217233707,42,1,1,1,0.5451703222244201,95,0,0,0,0.8723180533410907,91,0,0,1,2.7568544611853945,77,0,1,1,3.0654146822220953,19,0,1,1,3529.322973028976,46,1,1,1,1.6417513452967563
20260911,0,4,138.4016946433382,0.42448021293077914,0.15395785050578276,104.56609850396602,120.66487026541257,96.53189621233007,95.66487026541257,1824.9351297345872,76.53189621233007,1579.3351297345873,95.66487026541257,0.0498098876733378,0.6836408416197036,1.2074727073008997,0.6836408416197036,57,1,1,1,74.41954902413458,47,1,1,1,0.679351189072861,57,1,1,1,0.4766846893269243,82,0,1,1,0.3323791114533974,81,0,1,1,2.5871764246625446,79,0,1,1,2.974189296060255,44,1,1,1,3231.9228642656253,46,1,1,1,2.5962541237830794
20260912,0,5,44.18923652644583,0.921564418175578,-0.28103522737474956,506.2568760777307,363.9808597991952,291.1846878393562,338.9808597991952,1581.6191402008048,271.1846878393562,1336.019140200805,338.9808597991952,0.17649737571550306,1.1631385378832073,0.727975011037396,0.727975011037396,69,1,1,1,29.373808072483506,98,0,0,0,0.8576118246670318,5,0,0,0,0.5024126056841435,51,1,1,1,0.874404465262413,80,0,1,1,2.8455536210591035,100,0,0,0,2.6029049927684142,87,0,0,1,3809.4446578981106,6,0,0,1,1.6578686385022339
20260913,0,6,43.47486693804054,0.35259051854998635,0.2581911858025177,320.62052274729183,403.4019157080382,322.7215325664306,378.4019157080382,1542.1980842919618,302.7215325664306,1296.5980842919619,378.4019157080382,0.19702276148497253,1.2077979476227914,0.6833156012978119,0.6833156012978119,95,0,0,1,21.375621628203653,56,1,1,1,0.6843391214587646,93,0,0,1,0.49266850208031443,46,1,1,1,0.7837843765156665,85,0,0,1,0.11407610385914779,43,1,1,1,0.0007852163530337464,33,1,1,1,4917.730799106564,34,1,1,1,2.292056008078439
20260914,0,7,42.72162252030099,0.4582891341048743,0.10028126288526679,345.0999009401373,379.7069548279947,303.76556386239577,354.7069548279947,1565.8930451720053,283.76556386239577,1320.2930451720053,354.7069548279947,0.18468549142351073,1.1815085432103427,0.7096050057102605,0.7096050057102605,73,1,1,1,25.873157186768356,55,1,1,1,0.7509917841613561,60,1,1,1,0.540267680536471,42,1,1,1,0.8376112967810625,57,1,1,1,2.869151597442155,90,0,0,1,3.079972996137981,28,1,1,1,5009.748290236374,28,1,1,1,2.0666495784316834
20260915,0,8,170.2335335425539,0.5888580870085625,-0.054354887689636505,93.70507058644188,88.61174199876638,70.8893935990131,63.61174199876638,1856.9882580012336,50.889393599013104,1611.3882580012337,63.61174199876638,0.033120765385174625,0.5495512656686,1.3415622832520033,0.5495512656686,9,0,0,1,103.32252221168861,29,1,1,1,0.36183691791515676,11,0,1,1,0.4595535379711285,75,1,1,1,0.5615879993782231,44,1,1,1,0.011237975860169058,56,1,1,1,0.0002778189988388302,28,1,1,1,4914.38609379591,85,0,1,1,2.5123966094808203
20260916,0,9,36.64489130747387,0.33132559061826095,-0.1982637927629603,376.34474909080205,301.729211749635,241.38336939970802,276.729211749635,1643.870788250365,221.38336939970802,1398.270788250365,276.729211749635,0.14408477129523847,1.0816773495226226,0.8094361993979805,0.8094361993979805,14,0,1,1,27.33849058505966,40,1,1,1,0.7058499508621676,17,0,1,1,0.525917361814068,59,1,1,1,0.8620970462180497,90,0,0,1,0.12711795375698642,17,0,1,1,0.006308794369333848,53,1,1,1,4312.578042911768,90,0,0,1,1.7966757255621668
20260917,0,10,134.81617078655833,0.16308381162564722,0.10599535457215525,94.55388645488385,104.57615917584458,83.66092734067567,79.57615917584458,1841.0238408241553,63.66092734067567,1595.4238408241554,79.57615917584458,0.04143296843478318,0.6214926785503433,1.26962087037026,0.6214926785503433,16,0,1,1,104.33283047522026,8,0,0,1,0.7067003586038235,41,1,1,1,0.5048508283261065,100,0,0,0,0.49884335857412543,54,1,1,1,2.6053283616596907,61,1,1,1,3.034911476949833,24,1,1,1,5299.096587713719,78,0,1,1,2.5770936368220347
20260918,0,11,298.1131139764612,0.08632659167630823,0.2767515637220566,41.36351076040187,52.8109270443772,42.248741635501766,27.810927044377202,1892.7890729556227,22.248741635501766,1647.1890729556228,27.810927044377202,0.014480332731634491,0.3247837824999217,1.5663297664206814,0.3247837824999217,39,1,1,1,80.47348967306476,4,0,0,1,0.46187829824690124,90,0,0,1,0.34022165486423034,90,0,0,1,0.231977171874923,15,0,0,1,0.00012383422959416635,61,1,1,1,7.473218859299635e-07,41,1,1,1,3252.795038046762,44,1,1,1,2.2207716622927927
20260919,0,12,42.6626365686498,0.8634049382379149,-0.2635181451371716,477.5285304355108,351.6910978450656,281.3528782760525,326.6910978450656,1593.9089021549344,261.3528782760525,1348.3089021549345,326.6910978450656,0.17009845769294263,1.1482213667370416,0.7428921821835617,0.7428921821835617,16,0,1,1,32.23320109256001,91,0,0,1,0.6091238103041952,6,0,0,0,0.510056913438383,87,0,1,1,0.7420839160838311,92,0,0,1,2.8395469380302814,80,1,1,1,3.104920643486084,44,1,1,1,4857.2387525751565,92,0,0,1,2.2081573718820717
20260920,0,13,27.987324996553223,0.09272875027507865,0.05720660988859627,441.790924417835,467.0642854833285,373.6514283866628,442.0642854833285,1478.5357145166713,353.6514283866628,1232.9357145166714,442.0642854833285,0.2301698872661296,1.2714366511430064,0.6196768977775969,0.6196768977775969,41,1,1,1,10.30605048560751,15,0,1,1,0.5727330903780278,69,1,1,1,0.4159496574634164,38,1,1,1,0.8629996728864897,1,0,0,0,0.0008479479521312783,52,1,1,1,2.7621567753488563e-05,17,0,0,1,2662.598951451456,90,0,0,1,1.1981549669942972
20260921,0,14,186.58533901720406,0.25344674236552905,0.2550293329317144,71.18746940919124,89.3423622457141,71.47388979657129,64.3423622457141,1856.2576377542857,51.473889796571285,1610.6576377542858,64.3423622457141,0.033501177884887066,0.5531174225252965,1.3379961263953069,0.5531174225252965,61,1,1,1,112.85519203057184,20,1,1,1,0.7121232116461778,86,0,0,1,0.4906902384611812,92,0,0,1,0.4389472552371754,71,1,1,1,0.0957165490584373,71,1,1,1,0.007880834509539358,17,0,1,1,4827.881800433386,44,1,1,1,2.2766913209007145
20260922,0,15,323.1089397577104,0.8674796496968029,0.14093658737321657,63.40110193779117,72.33663688060489,57.86930950448391,47.336636880604885,1873.263363119395,37.86930950448391,1627.6633631193952,47.336636880604885,0.024646796251486455,0.4614183047368652,1.429695244183738,0.4614183047368652,97,0,0,0,97.42814471214095,87,0,0,1,0.25713349052661094,60,1,1,1,0.437455216477982,10,0,0,1,0.6057210932305073,96,0,0,0,0.042463376924114726,90,0,0,1,0.0005331116996752927,61,1,1,1,4335.358956188527,36,1,1,1,2.5805962663686546
20260923,0,16,321.4192932918127,0.5180910197953592,-0.27520452594031763,47.48028665486378,34.413496874501604,27.530797499601285,9.413496874501604,1911.1865031254983,7.5307974996012845,1665.5865031254984,9.413496874501604,0.004901331289441635,0.13878879635628907,1.7523247525643142,0.13878879635628907,88,0,1,1,73.546235481855,96,0,0,1,0.5247040158626479,20,0,1,1,0.2046847750123239,2,0,0,0,0.7694905333068995,63,1,1,1,2.6339260992082707,23,0,1,1,3.0637694461906873,74,1,1,1,2731.301452469944,20,0,1,1,1.15104699046892
20260924,0,17,29.636091370370963,0.15599077108263654,0.002379418108582998,428.786323221394,429.8065851635797,343.8452681308638,404.8065851635797,1515.7934148364202,323.8452681308638,1270.1934148364203,404.8065851635797,0.2107708972006559,1.2353330564580178,0.6557804924625854,0.6557804924625854,11,0,0,1,24.036202140873137,9,0,0,1,0.7883373545847869,30,1,1,1,0.5036130141583804,79,1,1,1,0.8685933578518624,52,1,1,1,2.749778460401995,57,1,1,1,2.958195714171026,39,1,1,1,5181.591785346008,55,1,1,1,2.30603642864976
20260925,0,18,37.703281439459374,0.19498341375571726,-0.19566554863603774,342.9487582279062,275.84550129519505,220.67640103615605,250.84550129519505,1669.754498704805,200.67640103615605,1424.154498704805,250.84550129519505,0.1306078836276138,1.0427258968644104,0.8483876520561929,0.8483876520561929,1,0,0,0,39.00006252045278,12,0,0,1,0.7431493852343827,2,0,0,0,0.44713572373173593,92,0,0,0,0.782244409048909,6,0,0,1,0.22913971524392096,81,0,1,1,0.0036764695589244223,1,0,0,0,5163.451216089789,37,1,1,1,2.4866071015062494
20260926,0,19,217.02903958745307,0.8240642501661921,-0.015974717202101085,89.44493674247026,88.01607917284947,70.41286333827958,63.01607917284947,1857.5839208271505,50.41286333827958,1611.9839208271505,63.01607917284947,0.0328106212500518,0.5466220095934897,1.3444915393271135,0.5466220095934897,98,0,0,0,75.8587834542376,100,0,0,0,0.5413764332378688,27,1,1,1,0.40617945834460134,2,0,0,0,0.43522097982827845,58,1,1,1,0.00043600017988509876,74,1,1,1,3.627322662680399e-06,52,1,1,1,3675.4371301821393,43,1,1,1,1.8112590255037553
20260927,0,20,32.15265775018135,0.39988322275931376,0.14831878099058604,444.23933443785444,510.1283709897463,408.1026967917971,485.1283709897463,1435.4716290102535,388.1026967917971,1189.8716290102536,485.1283709897463,0.2525920915285569,1.3097394689890411,0.5813740799315621,0.5813740799315621,19,1,1,1,12.929203333126253,25,0,1,1,0.5253900151811286,41,1,1,1,0.3297824884543299,22,0,1,1,0.7343627406363702,83,0,1,1,0.0004997702417917083,99,0,0,0,2.025438776351307e-07,47,1,1,1,5161.148781426856,9,0,0,1,2.390721933535274
20260928,0,21,98.24312495375221,0.05424666609823471,-0.2728556784475776,123.83520044242621,90.04606281001625,72.03685024801301,65.04606281001625,1855.5539371899836,52.03685024801301,1609.9539371899837,65.04606281001625,0.03386757409664493,0.5565247197298712,1.3345888291907322,0.5565247197298712,0,0,0,0,110.20906972333214,0,0,0,0,0.7285355491415473,0,0,0,0,0.4213855495035357,94,0,0,1,0.5107707242815452,53,1,1,1,2.655001606974853,31,1,1,1,2.991120164385751,0,0,0,0,2745.198785564982,47,1,1,1,2.5000888453898353
20260929,0,22,61.71904374856112,0.7831522901927012,-0.08215590032449,301.2796820367491,276.52777850954385,221.2222228076351,251.52777850954385,1669.072221490456,201.2222228076351,1423.4722214904561,251.52777850954385,0.13096312533038834,1.0437987560733621,0.8473147928472411,0.8473147928472411,43,1,1,1,30.77273801468722,75,0,1,1,0.2367002063803788,31,1,1,1,0.4613614948815774,24,0,1,1,0.4737493978904055,74,1,1,1,0.01618881271848238,78,0,1,1,0.004932275382996121,14,0,0,1,3775.8372932867233,76,1,1,1,1.582860929557573
20260930,0,23,73.38919276701533,0.3658609413242056,0.1152287522629088,191.21807754604532,213.25189803178824,170.6015184254306,188.25189803178824,1732.3481019682117,150.6015184254306,1486.7481019682118,188.25189803178824,0.09801723317285653,0.9309528965886896,0.9601606523319137,0.9309528965886896,58,1,1,1,39.01458487880445,47,1,1,1,0.6448703962399666,58,1,1,1,0.4737557392725611,91,0,0,1,0.6304946171702187,30,1,1,1,0.0010278442701121548,42,1,1,1,0.00011766989231976055,70,1,1,1,4695.81435233106,79,0,1,1,2.076837705194448
20260931,0,24,74.71922976220371,0.36727194315355133,0.2594153809011371,187.94999888635255,236.70711943782396,189.36569555025918,211.70711943782396,1708.8928805621758,169.36569555025918,1463.292880562176,211.70711943782396,0.11022967793284597,0.9762713117245682,0.9148422371960351,0.9148422371960351,76,0,1,1,41.40255058822924,41,1,1,1,0.7456930532161669,92,0,0,1,0.5194176167272856,88,0,1,1,0.7457218392822088,87,0,1,1,2.5120492011918323,80,0,1,1,2.9927078616786984,70,1,1,1,4613.695274459311,44,1,1,1,2.2937193844173134
20260932,25,0,300.37240136492903,0.21768996576057836,0.15367154345105027,43.49390887450603,50.17768498197071,40.14214798557657,25.177684981970707,1895.4223150180292,20.14214798557657,1649.8223150180293,25.177684981970707,0.01310928094448126,0.3025706119823605,1.5885429369382427,0.3025706119823605,68,1,1,1,110.21844550494495,47,1,1,1,0.559094334385508,89,0,0,1,0.44649609127037887,93,0,0,1,0.2710471665709655,91,0,0,1,2.831931545978154,19,1,1,1,3.0132876200273873,89,0,0,1,5253.247493559994,81,0,1,1,2.5619229874301337
20260933,25,1,58.86036201393781,0.35024215107383316,-0.0016202375807788938,236.5327628056889,236.14952353430564,188.91961882744454,211.14952353430564,1709.4504764656942,168.91961882744454,1463.8504764656943,211.14952353430564,0.10993935412595317,0.9752470649898632,0.91586648393074,0.91586648393074,75,1,1,1,28.977060075965433,64,1,1,1,0.5511663487724808,70,1,1,1,0.5065340663315575,27,0,1,1,0.5915701133344046,19,0,1,1,2.544033913525663,69,1,1,1,3.085638321181265,90,0,0,1,3630.230054218163,70,1,1,1,1.4595291984104106
20260934,25,2,94.5560918295752,0.7487175086621207,0.10952646671624333,190.41648091663498,211.27212527597496,169.01770022077997,186.27212527597496,1734.327874724025,149.01770022077997,1488.727874724025,186.27212527597496,0.09698642365717743,0.9269021924152933,0.9642113565053101,0.9269021924152933,83,0,0,1,48.64462385898886,80,0,1,1,0.747145197096145,64,1,1,1,0.48570840330280174,31,1,1,1,0.7719934246717393,5,0,0,1,2.4547387922311117,53,1,1,1,2.985119023394221,68,1,1,1,5193.54821628954,22,0,1,1,2.3754469269142957
20260935,25,3,74.00248213894812,0.07759039934384877,-0.05844367723972235,166.01557153711855,156.31301105743515,125.05040884594813,131.31301105743515,1789.2869889425647,105.05040884594813,1543.6869889425648,131.31301105743515,0.06837082737552595,0.7960551203085694,1.095058428612034,0.7960551203085694,5,0,0,0,48.02764269519635,7,0,0,1,0.6172347422540142,16,0,1,1,0.4281760729287419,97,0,0,0,0.49463298810589584,95,0,0,1,0.0015506464126069375,14,0,0,1,5.6104698911818573e-05,54,1,1,1,4405.46831582014,2,0,0,0,2.0124796716629394
20260936,25,4,43.516097060474095,0.5820074084061383,0.1499758214573445,364.93481271781644,419.66621103355317,335.7329688268426,394.66621103355317,1525.9337889664466,315.7329688268426,1280.3337889664467,394.66621103355317,0.20549110227718068,1.2249639952013387,0.6661495537192645,0.6661495537192645,98,0,0,0,15.004692531960284,70,1,1,1,0.7891044442593033,66,1,1,1,0.5165655087323633,68,1,1,1,0.8411928461901842,8,0,0,1,2.8167362720601794,4,0,0,1,3.0067357304769153,40,1,1,1,3796.1429327958795,83,0,1,1,1.7316632704494914
20260937,25,5,55.43991642702245,0.8937522509014285,0.27923496197870595,384.1188226827135,491.37822752982635,393.1025820238611,466.37822752982635,1454.2217724701736,373.1025820238611,1208.6217724701737,466.37822752982635,0.24282944263762699,1.2934759007509498,0.5976376481696536,0.5976376481696536,87,0,0,1,27.627950146213365,41,1,1,1,0.24326561057223672,94,0,0,0,0.5097996386912709,64,1,1,1,0.7922953427475674,70,1,1,1,2.8313275820359536,56,1,1,1,2.937205434463922,35,1,1,1,5706.260456385868,48,1,1,1,2.489050804579957
20260938,25,6,29.084321039733208,0.031111952044808294,-0.021045791670487257,414.3101959449533,405.5907098741371,324.4725678993097,380.5907098741371,1540.009290125863,304.4725678993097,1294.409290125863,380.5907098741371,0.19816240230872492,1.2101479901764045,0.6809655587441988,0.6809655587441988,22,0,0,1,22.299659053467508,1,0,0,0,0.786987347517488,27,0,1,1,0.4433798908213159,79,0,1,1,0.8120376094020041,47,1,1,1,2.89066029054797,55,1,1,1,3.01277633810374,50,1,1,1,6204.7293667400945,38,1,1,1,2.4948246863589083
20260939,25,7,63.63082438980382,0.011115903012726054,0.12472494542929174,187.82678815548894,211.25347405834145,169.00277924667319,186.25347405834145,1734.3465259416585,149.00277924667319,1488.7465259416585,186.25347405834145,0.09697671251605824,0.9268638509708126,0.9642496979497908,0.9268638509708126,41,1,1,1,40.07094576247654,1,0,0,0,0.6775801130401204,69,1,1,1,0.5386512332404143,79,0,0,1,0.588736424497086,88,0,0,1,2.4889727890211084,17,0,1,1,3.039918821706767,23,1,1,1,4365.740636911271,25,0,1,1,1.937399384312231
20260940,25,8,80.49640916700992,0.39462124024133244,-0.23169446016029382,176.95191995138148,135.95314038391862,108.7625123071349,110.95314038391862,1809.6468596160812,88.7625123071349,1564.0468596160813,110.95314038391862,0.057770040812203806,0.7354492351430222,1.155664313777581,0.7354492351430222,13,0,0,1,68.62663869930621,53,1,1,1,0.6850739079122259,6,0,0,1,0.5253178664777374,40,1,1,1,0.464662872849424,2,0,0,0,0.10941463403015561,29,1,1,1,0.0015395916560858591,3,0,0,0,4483.263570858977,55,1,1,1,2.0720340113739444
20260941,25,9,127.46735797281563,0.0073651315208279906,-0.2893677819187365,93.6186118519253,66.52840179402253,53.22272143521803,41.52840179402253,1879.0715982059774,33.22272143521803,1633.4715982059774,41.52840179402253,0.021622618865991112,0.42506708188097164,1.4660464670396316,0.42506708188097164,0,0,0,0,78.38225120800104,1,0,0,0,0.5534740829352677,1,0,0,0,0.40434958805450316,88,0,0,1,0.7641084495393526,24,0,1,1,0.0011575192585340233,68,1,1,1,0.0023428305351949064,6,0,0,0,2746.912772671134,81,0,1,1,1.1845681091075668
20260942,25,10,80.10909925674453,0.8846313899772484,0.19885016250810478,262.0961587821411,314.2140225487199,251.37121803897594,289.2140225487199,1631.38597745128,231.37121803897594,1385.7859774512801,289.2140225487199,0.15058524552156616,1.0992855538894624,0.791827995031141,0.791827995031141,98,0,0,0,36.063182519251285,95,0,0,0,0.7638478220838956,69,1,1,1,0.49502515049521123,3,0,0,0,0.7902904384014001,3,0,0,0,2.8381802440855743,97,0,0,0,2.9395179280470733,99,0,0,0,5701.541976806997,23,0,1,1,2.4756095189548675
20260943,25,11,140.6960195916905,0.035901970652719044,0.012312397985951518,85.81446977145207,86.87105167623159,69.49684134098527,61.87105167623159,1858.7289483237682,49.49684134098527,1613.1289483237683,61.87105167623159,0.03221443906916151,0.5409350705181615,1.3501784784024418,0.5409350705181615,11,0,0,1,86.3537390014548,7,0,0,0,0.6084807977203066,43,1,1,1,0.45714723797191203,97,0,0,1,0.5248170191599799,97,0,0,1,0.0009377072398137898,3,0,0,0,2.7373502330813038e-06,85,0,0,1,3797.5010234427227,2,0,0,0,1.7875552160691661
20260944,25,12,45.661112070038534,0.41919040397062357,0.27159831592810096,316.0450780715049,401.8823890330909,321.50591122647273,376.8823890330909,1543.717610966909,301.50591122647273,1298.117610966909,376.8823890330909,0.19623158858330256,1.2061589666333912,0.6849545822872122,0.6849545822872122,97,0,0,0,16.1948578667415,62,1,1,1,0.585331557419337,94,0,0,0,0.4280324996206989,28,1,1,1,0.7304413635488763,97,0,0,0,0.00030360928527528586,78,0,1,1,7.359708849019597e-07,58,1,1,1,3730.1503330953756,17,0,1,1,1.7530897904123897
20260945,25,13,103.28931162537985,0.14385651472189298,-0.050121144638755055,122.37531991708641,116.2417288073082,92.99338304584657,91.2417288073082,1829.3582711926917,72.99338304584657,1583.7582711926918,91.2417288073082,0.04750688785135281,0.6674220517188478,1.2236914972017556,0.6674220517188478,0,0,0,0,50.38082096978238,5,0,0,1,0.478503958860083,4,0,0,1,0.330690365100927,78,0,1,1,0.3719197455297276,19,0,1,1,0.00040308848157977195,82,0,1,1,2.359811254293298e-05,33,1,1,1,4416.046289155333,0,0,0,0,2.3762791856238445
20260946,25,14,142.30392712175905,0.3946949046423867,-0.22145930689867843,100.09944970616449,77.93149495329818,62.34519596263855,52.931494953298184,1867.6685050467017,42.34519596263855,1622.0685050467018,52.931494953298184,0.02755987449406341,0.4937729986814889,1.3973405502391145,0.4937729986814889,0,0,0,0,104.99232441316838,11,0,0,1,0.4079947134867958,2,0,0,0,0.45291185948797846,78,0,1,1,0.44205079978319445,80,0,1,1,0.000947747532919152,37,1,1,1,8.799007108706292e-06,0,0,0,0,3668.0873232183058,52,1,1,1,1.4288514391323397
20260947,25,15,292.1721857760643,0.548460004628674,0.08846136310898794,53.207888988368126,57.91473137643088,46.3317851011447,32.91473137643088,1887.685268623569,26.331785101144703,1642.0852686235692,32.91473137643088,0.01713773371677126,0.364849037641737,1.5262645112788664,0.364849037641737,98,0,0,0,120.02445938793278,84,0,1,1,0.692658829573231,75,0,1,1,0.5125487533891643,17,0,1,1,0.6826574669604183,79,0,1,1,2.936625013253522,100,0,0,0,2.9742290110507947,64,1,1,1,3271.304034481879,61,1,1,1,1.3895579067238994
20260948,25,16,76.54709052496088,0.759024707225102,-0.27621723206758014,237.41922653098135,171.83994493896788,137.4719559511743,146.83994493896788,1773.760055061032,117.4719559511743,1528.1600550610322,146.83994493896788,0.07645524572475679,0.8371841161906138,1.0539294327299895,0.8371841161906138,4,0,0,0,57.75574766392515,81,1,1,1,0.5217668498216963,0,0,0,0,0.42852062278883224,20,1,1,1,0.6418539048329188,10,0,0,1,0.22969936987501782,42,1,1,1,0.003088557434457906,37,1,1,1,4885.178136345454,80,0,0,1,2.457283584107775
20260949,25,17,78.1638974344355,0.35092794725031645,0.012449807778943,178.17978046959652,180.39808448653727,144.3184675892298,155.39808448653727,1765.2019155134626,124.31846758922981,1519.6019155134627,155.39808448653727,0.08091121758124403,0.8582919131073692,1.032821635813234,0.8582919131073692,24,0,1,1,57.835693232674345,32,1,1,1,0.7630731950238665,33,1,1,1,0.44897958100795393,88,0,0,1,0.5796155692354821,100,0,0,0,2.514737580780583,68,1,1,1,3.1023650108458183,46,1,1,1,4486.300581370377,27,1,1,1,2.549536323062349
20260950,25,18,87.18571187493878,0.5124808922355296,-0.2959471544551017,174.45736761562821,122.82720609605542,98.26176487684434,97.82720609605542,1822.7727939039446,78.26176487684434,1577.1727939039447,97.82720609605542,0.050935752419064576,0.691354564556065,1.1997589843645382,0.691354564556065,10,0,0,1,61.01173353257033,82,0,1,1,0.6961765021703809,0,0,0,0,0.4935111143371689,51,1,1,1,0.7031832235740827,51,1,1,1,2.506860523431591,79,0,1,1,2.8924382768449792,70,1,1,1,3399.4671571417457,5,0,0,1,1.5416382117511234
20260951,25,19,143.3411325203773,0.5695566818339667,-0.02012538695418764,109.90346575145792,107.69161597560351,86.15329278048281,82.69161597560351,1837.9083840243964,66.15329278048281,1592.3083840243964,82.69161597560351,0.04305509527002162,0.6342418851806052,1.2568716637399981,0.6342418851806052,63,1,1,1,68.43992425536476,98,0,0,1,0.5643346635061895,33,1,1,1,0.4902301036801454,72,1,1,1,0.3313880170981942,26,1,1,1,0.015223089735105333,69,1,1,1,0.0009481739318157878,97,0,0,0,3947.6221344259757,69,1,1,1,1.6291327585913535
20260952,25,20,100.69864502841462,0.5049171137557259,0.27257301133516926,150.373212734533,191.36089215372868,153.08871372298296,166.36089215372868,1754.2391078462713,133.08871372298296,1508.6391078462714,166.36089215372868,0.08661922948751885,0.8839131783882556,1.0072003705323478,0.8839131783882556,65,1,1,1,50.36782586693498,17,0,1,1,0.45517940788791866,93,0,0,1,0.4347958860479704,89,0,0,1,0.616759331591063,83,0,1,1,2.6298196638780453,35,1,1,1,2.851316178822554,34,1,1,1,1676.8576263910584,38,1,1,1,2.5269622465244144
20260953,25,21,184.76732054603679,0.49748048927762695,0.07260443392212779,81.59766330537076,87.52201545902557,70.01761236722045,62.52201545902557,1858.0779845409743,50.01761236722045,1612.4779845409744,62.52201545902557,0.03255337678799623,0.5441773013759901,1.3469362475446132,0.5441773013759901,64,1,1,1,83.21390729585875,65,1,1,1,0.571683408060983,44,1,1,1,0.44093367438194375,34,1,1,1,0.20970365862283524,36,1,1,1,0.022769315398985412,95,0,0,1,0.0283690338121958,74,1,1,1,2699.6984686803917,89,0,0,1,2.5481674421648166
20260954,25,22,25.016351413330973,0.13146713620032316,0.20814124163437714,502.5516833090032,607.1534146583854,485.72273172670833,582.1534146583854,1338.4465853416145,465.72273172670833,1092.8465853416146,582.1534146583854,0.303110181536179,1.3853584331795716,0.5057551157410316,0.5057551157410316,1,0,0,0,11.522406815856247,6,0,0,1,0.8466769842193003,83,1,1,1,0.457471750117012,21,0,1,1,0.8836233625195493,65,1,1,1,2.924890190801925,65,1,1,1,3.0471537322435522,35,1,1,1,3695.440972947492,65,1,1,1,1.7841446906806484
20260955,25,23,78.04736596671121,0.20959262597154843,0.0921448578772347,166.7727386563579,182.13998895764522,145.71199116611618,157.13998895764522,1763.4600110423546,125.71199116611618,1517.8600110423547,157.13998895764522,0.08181817606875207,0.8624652972384033,1.0286482516822,0.8624652972384033,19,0,1,1,59.04669461842994,12,0,0,1,0.7242955269243375,46,1,1,1,0.4591418120405775,83,0,1,1,0.7489366217469244,14,0,1,1,2.5917419849362062,32,1,1,1,3.025116217594152,44,1,1,1,5128.314385218711,7,0,0,1,2.6052836378856705
20260956,25,24,223.06314189674066,0.6847448670225779,0.29756890262244823,76.54965204871417,99.32844800498027,79.46275840398422,74.32844800498027,1846.2715519950195,59.462758403984225,1600.6715519950196,74.32844800498027,0.03870063938611906,0.5991336410538084,1.2919799078667948,0.5991336410538084,100,0,0,0,46.1549919736151,99,0,0,0,0.39526116825440294,100,0,0,0,0.26666523599917913,0,0,0,0,0.28519357729892764,30,0,1,1,0.00017821072398760407,40,1,1,1,0.00029845519285132127,100,0,0,0,3113.4872790388727,7,0,0,0,2.256739081418988
20260957,50,0,53.099062593187654,0.7317297345566842,0.26488353040628326,334.0867696289848,422.580852630341,338.06468210427283,397.580852630341,1523.0191473696589,318.06468210427283,1277.419147369659,397.580852630341,0.20700867053542696,1.227969806369446,0.6631437425511574,0.6631437425511574,87,0,0,1,28.02833294510752,56,1,1,1,0.7281691680323832,97,0,0,0,0.5186746797343812,1,0,0,0,0.7486245419370414,76,0,1,1,2.6703024324295974,4,0,0,0,3.0498381837986885,42,1,1,1,4088.076736654755,66,1,1,1,1.7187245120489565
20260958,50,1,119.60822692747554,0.3716018689104032,-0.21483060893639983,117.67347208144423,92.39360841852712,73.9148867348217,67.39360841852712,1853.2063915814729,53.91488673482171,1607.606391581473,67.39360841852712,0.03508987213294133,0.5677019200743151,1.3234116288462883,0.5677019200743151,3,0,0,0,101.19459103823336,43,1,1,1,0.7312086886353513,8,0,0,1,0.5123393512947889,84,0,1,1,0.6032840184148615,69,1,1,1,2.7084981844019467,10,0,0,1,2.9459957078143684,55,1,1,1,4762.325511398307,99,0,0,0,2.2533548684074534
20260959,50,2,55.42559329512359,0.5806848081114814,0.16418038635216087,286.2740430452753,333.2746260350437,266.619700828035,308.2746260350437,1612.3253739649563,246.61970082803498,1366.7253739649564,308.2746260350437,0.16050954182809732,1.1248622411047517,0.7662513078158515,0.7662513078158515,58,1,1,1,30.26214642923795,54,1,1,1,0.7659918468741743,71,0,1,1,0.49467158548909645,61,1,1,1,0.7308209206493022,42,1,1,1,2.607941989281997,76,0,1,1,3.001426152308407,50,1,1,1,4425.914422296369,56,1,1,1,2.117813051104382
20260960,50,3,251.63844991952087,0.86955106331998,0.008920070790503332,81.64089128596366,82.36913381563424,65.89530705250739,57.36913381563424,1863.2308661843656,45.89530705250739,1617.6308661843657,57.36913381563424,0.029870422688552663,0.5178244903446891,1.373289058575914,0.5178244903446891,98,0,0,0,59.28461060175286,100,0,0,0,0.09500766900007718,92,0,1,1,0.2406491626374716,0,0,0,0,0.22119979182113791,66,1,1,1,0.0001410018062557583,40,1,1,1,0.00012116420337804357,67,1,1,1,3250.119635726197,45,1,1,1,1.3177304214557326
20260961,50,4,103.39225886039938,0.7587294115698381,0.2625474652994501,175.72718706658273,221.86391461511636,177.4911316920931,196.86391461511636,1723.7360853848836,157.4911316920931,1478.1360853848837,196.86391461511636,0.10250125721915879,0.9481466628347102,0.9429668860858931,0.9429668860858931,100,0,0,0,39.52228038035581,95,0,0,0,0.6946212545821127,95,0,0,1,0.493307287775968,0,0,0,0,0.7272138108482633,75,1,1,1,0.032147080874992184,50,1,1,1,0.0001357105387223001,96,0,0,1,4300.184159687261,74,0,1,1,1.843618627192638
20260962,50,5,188.24369542544628,0.9815106618904729,0.0038929220270036424,143.1750920438646,143.73246151340044,114.98596921072036,118.73246151340044,1801.8675384865994,94.98596921072036,1556.2675384865995,118.73246151340044,0.06182050479714696,0.7596148545494983,1.131498694371105,0.7596148545494983,47,1,1,1,71.4327771156702,97,0,0,0,0.06323595870392118,11,0,1,1,0.3709390309785641,4,0,0,0,0.6261655978629952,75,0,1,1,2.612079771969988,0,0,0,0,2.9441111106732407,59,1,1,1,4474.905600091838,74,1,1,1,2.5046845258994845
20260963,50,6,246.3074543263196,0.34454334714230356,0.06322959724220611,56.36250278488166,59.92628113553245,47.94102490842596,34.92628113553245,1885.6737188644674,27.94102490842596,1640.0737188644675,34.92628113553245,0.018185088584573805,0.3796773187085786,1.5114362302120246,0.3796773187085786,37,1,1,1,126.90181330210297,47,1,1,1,0.7046196509269458,35,1,1,1,0.48985399425287235,32,1,1,1,0.5830048327525834,13,0,0,1,0.01799282170517813,37,1,1,1,0.0001006380527755063,80,0,1,1,5074.721866073764,95,0,0,1,2.5329440814704665
20260964,50,7,78.94353925510026,0.528493331790401,0.0981977864798752,194.5291809636804,213.63151594005691,170.90521275204554,188.63151594005691,1731.968484059943,150.90521275204554,1486.368484059943,188.63151594005691,0.09821488906594654,0.9317253136039972,0.959388235316606,0.9317253136039972,89,0,0,1,40.910945863120205,82,1,1,1,0.6827408310745033,59,1,1,1,0.513910329173764,51,1,1,1,0.5801894183809685,63,1,1,1,2.8853121879908414,94,0,0,0,2.9442633786262418,55,1,1,1,4603.820170423905,46,1,1,1,2.2023959843488865
20260965,50,8,75.22434040970171,0.340192664875144,-0.016183646211831493,184.14580416205325,181.1656536161014,144.9325228928811,156.1656536161014,1764.4343463838986,124.93252289288111,1518.8343463838987,156.1656536161014,0.08131086827871571,0.8601358565292306,1.0309776923913727,0.8601358565292306,24,0,1,1,47.960949489402054,42,1,1,1,0.6490562843337381,19,0,1,1,0.47957551859544945,92,0,0,1,0.3462774750283676,46,1,1,1,2.821042397150844,19,0,1,1,2.947196138236447,42,1,1,1,5380.382000728612,19,0,1,1,2.59399472909055
20260966,50,9,58.21864440643952,0.5758022583279185,-0.19654273469426964,271.681242488938,218.2842681250251,174.6274145000201,193.2842681250251,1727.3157318749747,154.6274145000201,1481.7157318749748,193.2842681250251,0.10063744044831048,0.9410824283074251,0.9500311206131783,0.9410824283074251,12,0,0,1,47.68130311369603,68,1,1,1,0.7190959250559003,4,0,0,0,0.4643323679424133,36,1,1,1,0.40599679198247296,88,0,0,1,2.4657381351702305,46,1,1,1,2.988360960633353,32,1,1,1,2520.652317364811,72,1,1,1,2.5496474389347696
20260967,50,10,82.81584840079726,0.44943653352802326,0.04180682227507232,177.15024803987268,184.5563369756606,147.64506958052849,159.5563369756606,1761.0436630243394,127.64506958052849,1515.4436630243395,159.5563369756606,0.0830762974985216,0.8681889531669381,1.0229245957536652,0.8681889531669381,34,1,1,1,59.233643188655144,44,1,1,1,0.746164395431056,41,1,1,1,0.5035865583850806,67,1,1,1,0.6079457512028874,16,0,0,1,2.64453578893022,69,0,1,1,3.09227174853636,43,1,1,1,5220.450338035799,75,1,1,1,2.3632903925011934
20260968,50,11,123.92336474095572,0.08293444499506375,0.09337829482696453,99.36234611895482,108.64063256954948,86.9125060556396,83.64063256954948,1836.9593674304504,66.9125060556396,1591.3593674304504,83.64063256954948,0.04354922033195329,0.6380522769892136,1.2530612719313896,0.6380522769892136,37,1,1,1,77.76635899781886,2,0,0,0,0.6910326579862923,75,1,1,1,0.5017801928496477,88,0,0,1,0.6685339224449492,28,1,1,1,2.90645720389443,88,0,1,1,2.9364468791608416,81,0,1,1,3834.144017604296,93,0,0,1,1.6822337147229232
20260969,50,12,57.24243053433195,0.691134179895822,-0.047093744227947654,299.7855541247034,285.6675299155211,228.53402393241686,260.6675299155211,1659.9324700844788,208.53402393241686,1414.332470084479,260.6675299155211,0.135721925395981,1.0579208709129948,0.8331926780076085,0.8331926780076085,53,1,1,1,36.60467762097505,85,0,1,1,0.7386655160244201,40,1,1,1,0.5281237495721725,2,0,0,1,0.8402246573925054,28,1,1,1,2.896019818339468,23,0,1,1,2.8927788171290256,2,0,0,0,4508.738943342202,32,1,1,1,2.05841699641012
20260970,50,13,84.60500491339685,0.9632409426786812,-0.014464953687611137,294.0715474005409,289.81781608654796,231.8542528692384,264.81781608654796,1655.782183913452,211.8542528692384,1410.182183913452,264.81781608654796,0.1378828574854462,1.0641850708421694,0.826928478078434,0.826928478078434,19,0,1,1,35.94357737042358,28,1,1,1,0.031535025987798226,21,0,1,1,0.40680113377768823,96,0,0,1,0.6043701327358488,65,1,1,1,2.5768699171225116,74,0,1,1,2.9867047508520144,73,1,1,1,4669.472910767814,7,0,0,1,2.4217961998712862
20260971,50,14,59.98615700055789,0.10223237274723289,0.12019705157848226,206.95971769892503,231.83566556185085,185.46853244948068,206.83566556185085,1713.764334438149,165.46853244948068,1468.1643344381491,206.83566556185085,0.10769325500460838,0.9672402398891229,0.9238733090314803,0.9238733090314803,40,1,1,1,39.97511844204862,5,0,0,1,0.72775204850987,67,1,1,1,0.5078329800107326,78,1,1,1,0.7623833142036106,63,1,1,1,2.5804240743812983,11,0,0,1,3.0835759748330718,77,1,1,1,4440.571352491811,2,0,0,0,2.124020750259927
20260972,50,15,201.30459644865448,0.9958441389296112,0.14580001916564989,153.32913805405215,175.68452932098552,140.54762345678841,150.68452932098552,1769.9154706790143,120.54762345678841,1524.3154706790144,150.68452932098552,0.07845700787305297,0.8467935107837196,1.0443200381368836,0.8467935107837196,26,1,1,1,48.01108408636071,22,0,0,1,0.0021077788471630665,33,1,1,1,0.256003655597118,80,0,0,1,0.39939581538937896,18,0,0,1,0.012227409745733553,63,1,1,1,0.0036557659716063284,2,0,0,0,2662.244761065219,33,1,1,1,2.5443062827353984
20260973,50,16,196.68298540971196,0.2921590761413136,-0.23753385258335954,68.78707781408748,52.447818212955944,41.95825457036476,27.447818212955944,1893.152181787044,21.95825457036476,1647.552181787044,27.447818212955944,0.014291272629884383,0.32178741793223764,1.5693261309883657,0.32178741793223764,3,0,0,0,110.15023404350225,49,1,1,1,0.723878760556791,1,0,0,0,0.4864565074884885,74,0,1,1,0.610206754312933,76,0,1,1,0.02019908271802251,67,1,1,1,0.004068310000149289,0,0,0,0,4209.919947556935,58,1,1,1,2.5687046524511437
20260974,50,17,29.995827571900328,0.9600834556673468,-0.01713754700226766,820.7437995416409,806.6782641001763,645.3426112801411,781.6782641001763,1138.9217358998235,625.3426112801411,893.3217358998237,781.6782641001763,0.4069969093513362,1.5087603463885306,0.3823532025320726,0.3823532025320726,60,1,1,1,13.40599465034719,90,0,0,1,0.8814420796320522,39,1,1,1,0.5017400097678467,87,0,1,1,0.8918979422679634,77,1,1,1,2.931967503564284,70,1,1,1,2.959765573886543,4,0,0,0,3628.9220739018137,81,0,0,1,1.5283164707905894
20260975,50,18,88.66714099312307,0.7822135641637256,-0.11607507881508716,209.5203559964824,185.20026416082558,148.16021132866047,160.20026416082558,1760.3997358391744,128.16021132866047,1514.7997358391744,160.20026416082558,0.08341157146767968,0.8697015931312595,1.0214119557893437,0.8697015931312595,80,0,0,1,44.56004607160931,100,0,0,0,0.6779135385692648,32,1,1,1,0.5008501121172382,28,0,1,1,0.7734554797255476,51,1,1,1,0.029496872670616625,69,1,1,1,0.013133864646967197,90,0,0,1,3653.961206525948,22,0,1,1,1.6465655405926973
20260976,50,19,204.88320416190052,0.19302651848709224,0.09123678826819964,63.05491646258079,68.8078445251463,55.04627562011704,43.807844525146294,1876.7921554748536,35.04627562011704,1631.1921554748537,43.807844525146294,0.02280945773463829,0.4396979446765057,1.4514156042440975,0.4396979446765057,35,1,1,1,112.57080581359656,50,1,1,1,0.49210742803555113,47,1,1,1,0.4957865806316318,51,1,1,1,0.1695306225475895,58,1,1,1,2.6847814319115244,17,0,1,1,3.021000684952349,67,1,1,1,4777.878098717328,86,0,0,1,2.44601116723454
20260977,50,20,71.10922302294121,0.46698704050028145,0.12172082283093771,208.34642971604453,233.70652857496958,186.96522285997568,208.70652857496958,1711.8934714250304,166.96522285997568,1466.2934714250305,208.70652857496958,0.1086673584166248,0.970730835874581,0.9203827130460224,0.9203827130460224,68,1,1,1,35.57604266745369,88,0,0,1,0.54350774616149,51,1,1,1,0.4888175769852262,17,0,1,1,0.287939911741413,25,1,1,1,2.5982705883396875,22,0,1,1,3.042269840989896,30,1,1,1,5564.427504202586,53,1,1,1,2.4693710703562095
20260978,50,21,147.26974352483276,0.7981028728898235,-0.10661296489660854,128.17628037075187,114.51102709100705,91.60882167280565,89.51102709100705,1831.088972908993,71.60882167280565,1585.488972908993,89.51102709100705,0.04660576230917789,0.6609073013591926,1.2302062475614106,0.6609073013591926,30,1,1,1,85.62475024779036,75,1,1,1,0.444194310763034,10,0,0,1,0.46868063708866725,27,1,1,1,0.6908038049666971,70,1,1,1,0.03224429877888113,54,1,1,1,0.0012739834508783687,84,0,0,1,4803.357719592577,0,0,0,0,2.335313156009847
20260979,50,22,40.80963205603486,0.4456669516491149,0.06795915081176879,358.74704573772425,383.12719032229074,306.5017522578326,358.12719032229074,1562.4728096777092,286.5017522578326,1316.8728096777093,358.12719032229074,0.1864663075717436,1.185402966041129,0.7057105828794744,0.7057105828794744,46,1,1,1,23.410002221908794,46,1,1,1,0.6465208335361161,40,1,1,1,0.4618872796768934,46,1,1,1,0.6414028293536496,57,1,1,1,0.003806465627462785,64,1,1,1,4.109471824387256e-05,36,1,1,1,5259.267482801239,71,1,1,1,2.3701327691458625
20260980,50,23,207.63429220832055,0.45375534971644055,0.2810950047672118,70.82660248462422,90.73560664768507,72.58848531814806,65.73560664768507,1854.864393352315,52.58848531814806,1609.264393352315,65.73560664768507,0.03422659931671617,0.5598377385429627,1.3312758103776408,0.5598377385429627,70,1,1,1,107.15894231575317,42,1,1,1,0.7589788472267439,98,0,0,0,0.44374806038577463,58,1,1,1,0.6926550151609796,78,0,1,1,2.6212527482554115,64,1,1,1,2.949315090340947,87,0,1,1,4934.271081078374,88,0,0,1,2.4432894419716016
20260981,50,24,130.31171484248546,0.873543330441954,-0.19430111706864356,158.5360376097868,127.73230840656875,102.185846725255,102.73230840656875,1817.8676915934311,82.185846725255,1572.2676915934312,102.73230840656875,0.05348969509870288,0.7083607522406102,1.1827527966799931,0.7083607522406102,8,0,0,1,87.67182529848236,64,1,1,1,0.17145975328705,10,0,0,1,0.48974804851870835,40,1,1,1,0.6015670923074092,65,1,1,1,2.7530084653074027,100,0,0,0,3.0283280864046005,42,1,1,1,4827.437101637744,8,0,0,1,2.280352185429643
20260982,75,0,33.38060449428336,0.6359322285623243,-0.13615268868437905,493.4319733662088,426.24988350956056,340.9999068076485,401.24988350956056,1519.3501164904394,320.9999068076485,1273.7501164904395,401.24988350956056,0.2089190271319174,1.2317242646395736,0.6593892842810297,0.6593892842810297,34,1,1,1,22.738143822334024,61,1,1,1,0.8163575423760795,14,0,1,1,0.5209593351865048,52,1,1,1,0.9024792798858216,94,0,0,1,2.928638422007058,16,0,1,1,3.0178151061779444,47,1,1,1,5236.929070727745,66,1,1,1,2.151828038466775
20260983,75,1,278.90656137260686,0.9570366925126454,-0.24505343652946843,87.42544806661942,66.00154157776576,52.80123326221261,41.001541577765764,1879.5984584222342,32.80123326221261,1633.9984584222343,41.001541577765764,0.021348298228556578,0.42161407067132195,1.4694994782492814,0.42161407067132195,38,1,1,1,78.83370503493018,92,0,0,1,0.0835811059928574,15,0,0,1,0.2625452361381752,16,0,0,1,0.530698703635691,5,0,0,0,0.022014615119388736,55,1,1,1,0.004656679837351518,52,1,1,1,4341.944053910321,26,1,1,1,2.3249257897089066
20260984,75,2,258.62777330432544,0.5910754630332101,-0.2185949473665224,61.76836329033922,48.26611116797128,38.612888934377025,23.26611116797128,1897.3338888320286,18.612888934377025,1651.7338888320287,23.26611116797128,0.012113980614376385,0.28570230016680953,1.6054112487537937,0.28570230016680953,49,1,1,1,126.71880992892937,91,0,0,1,0.6159219725336915,8,0,1,1,0.5178912276424749,18,0,1,1,0.38609342732444807,29,1,1,1,2.5441448434028366,49,1,1,1,3.029843009338137,38,1,1,1,3449.953827239732,28,1,1,1,1.4055659014517614
20260985,75,3,243.88560911302147,0.9230001999970409,0.0900459308218825,91.99078172430049,100.27417729169775,80.21934183335821,75.27417729169775,1845.3258227083022,60.219341833358214,1599.7258227083023,75.27417729169775,0.03919305284374558,0.6032490987890105,1.287864450131593,0.6032490987890105,44,1,1,1,45.947549031862906,100,0,0,0,0.08510196782691792,2,0,0,1,0.2221609351443109,0,0,0,0,0.3391279901085903,18,0,1,1,0.0005671982285022636,77,1,1,1,8.065361809084237e-06,22,0,1,1,3705.9351415863284,51,1,1,1,2.4903556790840895
20260986,75,4,314.5765205229015,0.23150755497170122,0.13910459035896955,41.794686593566816,47.608519351346445,38.08681548107716,22.608519351346445,1897.9914806486536,18.08681548107716,1652.3914806486537,22.608519351346445,0.011771591873032618,0.2797446662379033,1.6113688826827,0.2797446662379033,84,0,0,1,108.58908961468313,26,1,1,1,0.70333207680446,92,0,0,1,0.4208694278201563,67,1,1,1,0.5502520302146078,28,0,1,1,2.6858517148696706,22,0,1,1,3.040262775570603,30,1,1,1,3481.552277979884,37,1,1,1,1.6394245576379771
20260987,75,5,77.94392066757261,0.5805984748001306,-0.10140242455578036,203.55686677865177,182.91570695231852,146.3325655618548,157.91570695231852,1762.6842930476814,126.3325655618548,1517.0842930476815,157.91570695231852,0.08222206964090312,0.8643109912266471,1.0268025576939561,0.8643109912266471,35,1,1,1,43.0712708296521,35,1,1,1,0.6305025157095752,52,1,1,1,0.4834145468952406,42,1,1,1,0.6123632577042236,80,1,1,1,2.5707517451853548,42,1,1,1,3.0126461759967036,6,0,0,1,3423.213523330979,46,1,1,1,1.3215757255864395
20260988,75,6,55.13548770325994,0.252920560102781,-0.17347783325438768,240.84782477932575,199.0660659925759,159.25285279406071,174.0660659925759,1746.533934007424,139.25285279406071,1500.933934007424,174.0660659925759,0.09063108715639691,0.9010572251966027,0.9900563237240005,0.9010572251966027,35,1,1,1,33.25190757941919,47,1,1,1,0.6395396567425944,39,1,1,1,0.4587792097905231,17,0,0,1,0.818035051326315,25,1,1,1,2.5374506538524386,55,1,1,1,3.0126559234706303,10,0,0,1,3328.4180358980493,92,0,0,0,1.4063875612838568
20260989,75,7,26.22600592696564,0.5953559571450435,0.2417806051188674,610.8534405110264,758.5459549967244,606.8367639973795,733.5459549967244,1187.0540450032754,586.8367639973795,941.4540450032756,733.5459549967244,0.38193582994726877,1.4820418881144206,0.40907166080618274,0.40907166080618274,31,1,1,1,6.389797201630955,14,0,0,1,0.32256817086398626,72,1,1,1,0.27857097277602244,83,0,0,1,0.7266406235641101,100,0,0,0,0.008792146970620252,0,0,0,0,7.990549899972166e-06,57,1,1,1,5093.591530823462,17,0,0,1,2.0894661728307917
20260990,75,8,25.24863955445248,0.9166117373905832,-0.029195756179306198,877.5715981067738,851.9502316985644,681.5601853588515,826.9502316985644,1093.6497683014354,661.5601853588515,848.0497683014356,826.9502316985644,0.4305686929597857,1.5324742166932666,0.35863933222733674,0.35863933222733674,1,0,0,0,12.865739621462037,80,0,1,1,0.7990399128412033,19,0,1,1,0.42826003991338846,86,0,1,1,0.8647426889838028,80,0,0,1,2.9010957243884263,60,1,1,1,3.0064083042680165,20,0,1,1,4912.650866744208,36,1,1,1,2.0933633052928453
20260991,75,9,71.5239858014004,0.4903190571300942,0.2779244547701099,209.915816356439,268.2565551649248,214.60524413193986,243.2565551649248,1677.3434448350752,194.60524413193986,1431.7434448350753,243.2565551649248,0.1266565423122591,1.0306103345928708,0.8605032143277326,0.8605032143277326,96,0,0,0,33.08866530624265,60,1,1,1,0.7006288788463617,98,0,0,0,0.5215219642491195,99,0,0,0,0.7532783454642276,61,1,1,1,0.1309223452765842,41,1,1,1,0.037340419333771635,88,0,0,1,3812.5107150167887,65,1,1,1,1.731068390302293
20260992,75,10,146.60355830861556,0.23328151437980776,-0.1490358438091131,89.75505360066462,76.3783334511574,61.10266676092593,51.3783334511574,1869.2216665488424,41.10266676092593,1623.6216665488425,51.3783334511574,0.02675118892593846,0.4850301693131228,1.4060833796074805,0.4850301693131228,8,0,0,1,88.21150617484932,25,1,1,1,0.7046762128748514,16,0,1,1,0.4857070538753611,56,1,1,1,0.6455405928250059,13,0,0,1,0.013387674815724893,74,0,1,1,5.921730591910285e-05,1,0,0,0,3142.111603426383,32,1,1,1,1.3398181624275924
20260993,75,11,34.437607104686876,0.5681579688959122,-0.02985197731843725,457.04793170359557,443.40414721294115,354.72331777035293,418.40414721294115,1502.1958527870588,334.72331777035293,1256.595852787059,418.40414721294115,0.21785074831455856,1.2488597421345613,0.6422538067860422,0.6422538067860422,51,1,1,1,22.18502941366611,45,1,1,1,0.7821263771531755,30,1,1,1,0.5080700347788684,59,1,1,1,0.8276784834150294,4,0,0,1,2.7939734367958664,53,1,1,1,3.0108128267311645,8,0,0,1,4995.737877858552,32,1,1,1,2.1112189705050044
20260994,75,12,41.6566295870031,0.022739525735057425,0.2656512287217366,288.27428180849716,364.85469897980056,291.8837591838405,339.85469897980056,1580.7453010201993,271.8837591838405,1335.1453010201994,339.85469897980056,0.1769523581067378,1.1641799352505022,0.726933613670101,0.726933613670101,88,0,1,1,20.033879724297957,6,0,0,0,0.5836133757937135,97,0,0,0,0.5026226436090222,55,1,1,1,0.7088870243484844,77,0,1,1,0.006805870394401836,33,1,1,1,3.603961000062106e-06,48,1,1,1,3910.6815291863404,95,0,0,0,1.6793644853579994
20260995,75,13,81.00966874642143,0.5047486730205806,0.14396762514217043,186.9021215824125,213.80997616066563,171.04798092853252,188.80997616066563,1731.7900238393343,151.04798092853252,1486.1900238393343,188.80997616066563,0.09830780806032784,0.9320879564217174,0.959025592498886,0.9320879564217174,81,0,1,1,45.505769505924206,61,1,1,1,0.7288307255578105,73,1,1,1,0.5059168688272778,35,1,1,1,0.6695952460949957,84,0,1,1,0.012511490492180144,28,0,1,1,3.037838796779435e-05,70,0,1,1,4880.545513397178,82,0,1,1,2.3027313313088893
20260996,75,14,159.8952367399547,0.9822184588049228,-0.165596978135289,169.26122621971604,141.2320786422575,112.98566291380601,116.2320786422575,1804.3679213577425,92.98566291380601,1558.7679213577426,116.2320786422575,0.060518628887981624,0.7519933423994867,1.1391202065211166,0.7519933423994867,1,0,0,0,40.137686039059815,100,0,0,0,0.03655801801687064,0,0,0,0,0.20636286908877718,0,0,0,0,0.34944466951313347,91,0,0,1,0.001030449931725741,34,1,1,1,0.0009034314702822677,80,1,1,1,2927.12175291934,0,0,0,0,1.2091575542027133
20260997,75,15,26.439864619941194,0.29695158660252374,-0.2280323441445179,512.8847191126936,395.9304143375234,316.7443314700188,370.9304143375234,1549.6695856624765,296.7443314700188,1304.0695856624766,370.9304143375234,0.19313257020593744,1.1996788557263207,0.6914346931942825,0.6914346931942825,1,0,0,0,26.733941148646185,29,0,1,1,0.7256917504989056,3,0,0,0,0.48348078777579323,94,0,0,1,0.7674951720370498,38,1,1,1,0.07555633505952031,55,1,1,1,0.0030526504541863453,34,1,1,1,5358.880111918718,12,0,1,1,2.423496413938629
20260998,75,16,90.89408831515189,0.29256636533723945,0.1457407822653335,148.87552687993696,170.57276262758265,136.45821010206612,145.57276262758265,1775.0272373724172,116.45821010206612,1529.4272373724173,145.57276262758265,0.07579546112026589,0.8339696747542286,1.0571438741663748,0.8339696747542286,58,1,1,1,46.77264396554325,33,1,1,1,0.6581388968623971,68,1,1,1,0.4548805586013154,47,1,1,1,0.5704523455900663,42,1,1,1,0.003091328250608427,59,1,1,1,7.873159330795687e-05,68,1,1,1,3667.9910627705913,78,0,1,1,1.7268945999159016
20260999,75,17,78.17619716238416,0.6737444453648423,0.29599802846644924,216.59322877958465,280.7043974775243,224.56351798201945,255.7043974775243,1664.8956025224757,204.56351798201945,1419.2956025224757,255.7043974775243,0.13313776813366882,1.0503092076149263,0.840804341305677,0.840804341305677,99,0,0,0,32.345760009480294,72,0,1,1,0.7056426796136411,99,0,0,0,0.5303863616310156,89,0,1,1,0.766664155036983,84,0,0,1,2.5413284376432728,44,1,1,1,2.9999345209835035,98,0,0,0,3965.326745990412,32,1,1,1,1.872247604937324
20261000,75,18,27.6577674743052,0.6335876002234699,0.04699744392354255,594.5471004420476,622.4892944549775,497.99143556398207,597.4892944549775,1323.1107055450225,477.99143556398207,1077.5107055450226,597.4892944549775,0.3110951236358313,1.3961918781815057,0.4949216707390975,0.4949216707390975,27,1,1,1,10.840363935187632,52,1,1,1,0.49709602266947234,12,0,1,1,0.350014736071695,6,0,0,0,0.7852906882321722,28,1,1,1,0.007782880049649776,56,1,1,1,0.0002021858566965129,23,0,1,1,6013.100657174096,20,0,1,1,2.4044687579644384
20261001,75,19,130.65285271004691,0.7917338433599749,-0.21693486176014448,143.5429220901042,112.40345812984026,89.92276650387221,87.40345812984026,1833.1965418701598,69.92276650387221,1587.5965418701599,87.40345812984026,0.04550841306354278,0.6528396639809751,1.2382738849396282,0.6528396639809751,86,0,1,1,53.82229123120747,100,0,0,0,0.6098918829915161,8,0,0,1,0.451606175750201,1,0,0,0,0.5247953060997613,15,0,0,1,0.0005202870983396224,72,1,1,1,1.0775791394523893e-05,81,0,1,1,2945.551881750943,67,1,1,1,1.1835503876547757
20261002,75,20,35.82710312085225,0.10230837870916165,0.03080621487700108,346.5287492370978,357.20398834715434,285.76319067772346,332.20398834715434,1588.3960116528456,265.76319067772346,1342.7960116528457,332.20398834715434,0.17296885782940455,1.1549762906695862,0.7361372582510171,0.7361372582510171,13,0,1,1,16.503190179091405,7,0,0,1,0.4393430406141103,32,1,1,1,0.369623664937191,89,0,0,1,0.6993432183187969,41,1,1,1,6.093981892618672e-05,62,1,1,1,1.1325607462975285e-07,5,0,0,1,3645.585484882664,48,1,1,1,1.6424955523708085
20261003,75,21,126.63098619236877,0.5482485582827719,-0.11395729012344674,122.7489883720908,108.76084629181287,87.0086770334503,83.76084629181287,1836.839153708187,67.0086770334503,1591.2391537081871,83.76084629181287,0.043611812085709085,0.6385325695964449,1.2525809793241585,0.6385325695964449,37,1,1,1,90.83539901480707,71,1,1,1,0.7299505229633741,21,0,1,1,0.5103959879631225,33,1,1,1,0.6482044863419929,0,0,0,0,0.1489949780313502,3,0,0,0,0.0005931489862494033,81,1,1,1,4053.727255513655,96,0,0,0,1.9344957125596993
20261004,75,22,28.371975226144308,0.40554487247376936,-0.14645063635329644,504.9452192548916,430.9956705714579,344.7965364571663,405.9956705714579,1514.604329428542,324.7965364571663,1269.0043294285422,405.9956705714579,0.2113900190416838,1.2365328989449136,0.6545806499756897,0.6545806499756897,4,0,0,1,13.16315072060992,79,0,1,1,0.465254369193974,1,0,0,0,0.35018976528672285,99,0,0,0,0.7472291543033489,44,1,1,1,8.450324081721305e-05,53,1,1,1,3.7098817101677284e-08,98,0,0,0,5438.600097790932,100,0,0,0,2.2286768298059094
20261005,75,23,59.99494386520268,0.40213734915468285,0.012304618688184943,238.3614278792803,241.29437435930618,193.03549948744495,216.29437435930618,1704.3056256406937,173.03549948744495,1458.7056256406938,216.29437435930618,0.11261812681417588,0.9846071880266736,0.9065063608939297,0.9065063608939297,37,1,1,1,43.451023664952295,44,1,1,1,0.745138537861814,41,1,1,1,0.5048555845066135,73,1,1,1,0.724596784595019,72,1,1,1,2.596880397918177,45,1,1,1,3.0601808519366145,28,0,1,1,4990.553547082607,39,1,1,1,2.303714027099322
20261006,75,24,202.7772906838906,0.32178030474772407,0.05399988493858937,67.69045095436815,71.34572751734525,57.076582013876205,46.34572751734525,1874.2542724826546,37.076582013876205,1628.6542724826547,46.34572751734525,0.024130858855225062,0.4554279621745928,1.4356855867460105,0.4554279621745928,45,1,1,1,95.89339417886458,60,1,1,1,0.5553262205702947,45,1,1,1,0.447761891444504,28,1,1,1,0.49212708057936266,65,1,1,1,0.0004294489098874976,10,0,0,1,0.0004677837261963802,92,0,0,1,3270.539860255103,92,0,0,0,1.6580019826218466
