idx,status,network_snr,total_flux_jy,r_ring_muas,cum_wall_s,n_posterior,rank_M,rank_a_star,rank_i,rank_position_angle,rank_ring_width_frac,rank_log10_total_flux_jy,in90_M,in90_a_star,in90_i,in90_position_angle,in90_ring_width_frac,in90_log10_total_flux_jy
0,ok,186.587,2.92913,25.3867,328.77,920,95,70,80,59,8,72,0,1,1,1,1,1
1,ok,83.5691,1.49655,24.8465,210.39,1043,86,98,80,71,18,84,1,0,1,1,1,1
2,ok,465.963,8.6963,29.0664,1640.94,1017,52,44,14,54,1,48,1,1,1,1,0,1
3,ok,312.488,5.34259,20.8926,345.29,986,17,38,81,37,27,61,1,1,1,1,1,1
4,ok,17.0015,0.292671,27.2805,88.73,888,72,88,43,76,67,52,1,1,1,1,1,1
5,ok,694.894,13.2067,27.3895,489.7,960,36,34,100,100,47,98,1,1,0,0,1,0
6,ok,23.0387,0.354325,21.4587,98.91,846,4,83,98,84,27,96,0,1,0,1,1,0
7,ok,137.954,2.2248,22.1152,305.56,914,33,22,38,26,60,15,1,1,1,1,1,1
8,ok,110.992,2.06984,29.3523,240.1,1022,32,9,54,51,66,32,1,1,1,1,1,1
9,ok,51.9123,0.766937,25.9869,159.25,873,16,0,42,21,22,33,1,0,1,1,1,1
10,ok,315.416,5.5114,20.9544,393.67,1010,2,24,75,76,42,92,0,1,1,1,1,1
11,ok,12.1958,0.240982,28.8153,77.04,802,71,56,55,90,96,24,1,1,1,1,0,1
12,ok,207.186,3.80094,23.7299,419.97,1181,93,91,14,97,67,34,1,1,1,0,1,1
13,ok,1189.34,21.1708,29.4615,633.03,988,25,22,27,39,30,93,1,1,1,1,1,1
14,ok,37.1052,0.645249,22.0865,150.46,933,3,16,34,81,97,17,0,1,1,1,0,1
15,ok,253.327,4.42165,23.6095,447.26,940,71,72,42,4,38,48,1,1,1,0,1,1
16,ok,456.022,8.4174,23.0856,418.18,1005,20,42,10,74,64,50,1,1,1,1,1,1
17,ok,12.3662,0.237361,27.2132,73.49,814,59,99,86,82,57,6,1,0,1,1,1,1
18,ok,14.9646,0.22228,27.8313,82.75,748,73,23,77,66,8,24,1,1,1,1,1,1
19,ok,18.4687,0.362658,28.6825,91.09,848,71,59,10,35,34,48,1,1,1,1,1,1
20,ok,252.673,4.04378,26.3209,470.32,1134,31,13,24,67,52,96,1,1,1,1,1,0
21,ok,16.6502,0.343239,26.3359,82.04,796,77,67,79,23,100,63,1,1,1,1,0,1
22,ok,263.513,4.36818,22.7264,321.7,1036,94,89,56,9,55,41,1,1,1,1,1,1
23,ok,565.247,9.31243,28.3899,1299.23,1160,13,11,90,32,26,27,1,1,1,1,1,1
24,ok,104.185,1.68919,28.3307,312.84,981,35,6,72,37,92,68,1,1,1,1,1,1
25,timeout_capped,1118.27,20.3823,25.7004,3000,,,,,,,,,,,,,
26,ok,79.9022,1.56117,27.7395,157.92,932,19,89,17,58,78,44,1,1,1,1,1,1
27,ok,1065.88,20.4927,27.3035,899.94,951,81,79,32,29,76,4,1,1,1,1,1,0
28,ok,174.854,3.17793,26.0091,1461.06,958,36,22,56,97,56,4,1,1,1,0,1,0
29,ok,13.2222,0.254843,26.3555,72.64,777,67,21,11,93,90,51,1,1,1,1,1,1
30,ok,86.2474,1.382,30.2248,183.09,931,59,65,95,88,42,49,1,1,0,1,1,1
31,ok,156.627,2.94429,23.5882,257.67,1020,35,52,42,9,86,91,1,1,1,1,1,1
32,ok,81.7617,1.21443,23.2839,287.42,889,57,7,17,45,57,82,1,1,1,1,1,1
33,ok,26.5848,0.452475,29.8417,165.41,917,98,46,10,9,7,65,0,1,1,1,1,1
34,ok,401.294,7.37715,26.7094,832.95,1273,66,52,15,78,7,85,1,1,1,1,1,1
35,ok,678.439,11.5263,21.8877,2919.01,1617,7,53,0,83,8,90,1,1,0,1,1,1
36,ok,33.0339,0.511284,25.8753,149.83,815,53,86,16,0,13,33,1,1,1,0,1,1
37,ok,1523.1,22.414,24.9198,791.01,899,68,42,63,11,11,95,1,1,1,1,1,0
38,ok,133.835,2.44091,25.3355,896.76,999,13,26,35,30,36,58,1,1,1,1,1,1
39,ok,193.637,3.5303,22.4765,299.9,937,18,3,80,99,86,36,1,0,1,0,1,1
40,ok,399.134,7.09413,26.8814,451.3,972,2,41,56,2,73,40,0,1,1,0,1,1
41,ok,37.1446,0.704243,24.8346,137.8,919,9,28,14,91,90,0,1,1,1,1,1,0
42,ok,106.106,2.01148,25.5892,217.6,1065,49,49,44,92,55,25,1,1,1,1,1,1
43,ok,14.7956,0.271487,26.3228,80.13,892,51,14,52,79,48,35,1,1,1,1,1,1
44,ok,30.322,0.579911,28.393,252.61,1000,97,50,91,59,37,60,0,1,1,1,1,1
45,ok,113.266,2.0861,22.1684,216.37,1038,70,65,44,74,55,15,1,1,1,1,1,1
46,ok,20.9374,0.41491,27.3086,85.59,822,45,15,91,74,44,42,1,1,1,1,1,1
47,ok,751.776,13.332,25.3305,489.34,939,19,21,22,77,63,48,1,1,1,1,1,1
48,ok,870.338,16.4431,30.2307,691.3,881,15,7,46,60,51,26,1,1,1,1,1,1
49,ok,145.499,2.75471,25.1829,262.44,929,20,1,43,89,93,43,1,0,1,1,1,1
50,ok,549.33,10.3099,29.6351,602.35,995,9,18,38,26,63,29,1,1,1,1,1,1
51,ok,46.2179,0.823827,22.3141,174.9,876,28,52,16,100,86,37,1,1,1,0,1,1
52,ok,28.2539,0.439267,26.8346,113.69,779,34,34,93,23,45,48,1,1,1,1,1,1
53,ok,37.2681,0.673985,22.0261,124.27,871,8,21,1,99,89,62,1,1,0,0,1,1
54,ok,493.097,8.58374,24.086,1913.49,964,61,15,46,0,36,79,1,1,1,0,1,1
55,ok,786.461,15.3248,27.9172,505.55,947,40,55,96,1,20,34,1,1,0,0,1,1
56,ok,442.101,6.57018,24.7248,771.51,1002,25,39,22,51,70,42,1,1,1,1,1,1
57,ok,39.4957,0.724986,26.223,167.98,922,11,64,19,46,97,90,1,1,1,1,0,1
58,ok,23.8383,0.425772,24.4303,513.16,1326,20,2,54,88,38,24,1,0,1,1,1,1
59,ok,103.409,1.51077,22.7359,226.09,788,49,43,94,6,51,83,1,1,1,1,1,1
60,ok,13.9699,0.256616,23.6644,69.94,869,31,46,8,58,77,68,1,1,1,1,1,1
61,ok,77.642,1.35921,26.5992,204.56,935,78,7,42,50,77,98,1,1,1,1,1,0
62,ok,80.4671,1.50018,24.9385,196.68,918,56,3,23,35,94,72,1,0,1,1,1,1
63,ok,76.0517,1.40613,23.7208,160.89,791,88,95,60,96,0,42,1,0,1,0,0,1
64,ok,61.2188,1.24226,30.0473,153.05,872,66,67,51,12,99,65,1,1,1,1,0,1
65,ok,51.27,0.899868,22.2115,181.69,973,9,69,53,5,47,52,1,1,1,0,1,1
66,ok,15.329,0.28005,25.797,102.02,877,71,54,56,17,100,15,1,1,1,1,0,1
67,ok,113.972,1.9538,25.9994,288.59,1018,42,84,98,54,6,1,1,1,0,1,1,0
68,ok,1052.75,18.4284,22.0837,799.91,1005,92,95,89,79,52,84,1,0,1,1,1,1
69,ok,24.5842,0.426767,27.2774,339.95,1080,52,10,77,74,88,74,1,1,1,1,1,1
70,ok,65.2691,1.21984,29.5869,641.66,1042,46,44,10,37,60,94,1,1,1,1,1,1
71,ok,115.111,2.29616,30.0093,206.17,873,79,98,92,71,14,51,1,0,1,1,1,1
72,ok,418.382,6.53733,27.3567,576.76,1044,22,47,40,44,91,60,1,1,1,1,1,1
73,ok,568.957,10.3569,30.3382,1325.86,1393,39,38,78,39,15,51,1,1,1,1,1,1
74,ok,57.7994,0.971837,23.7691,241.7,904,41,1,59,71,70,81,1,0,1,1,1,1
75,ok,90.3579,1.44724,23.8445,295.6,957,5,28,95,18,85,37,0,1,0,1,1,1
76,ok,34.994,0.566833,26.5491,189.48,874,57,59,15,1,13,16,1,1,1,0,1,1
77,ok,454.755,8.97575,29.2499,339.05,927,47,2,18,95,56,90,1,0,1,0,1,1
78,ok,119.643,1.85537,29.1144,381.97,1092,85,70,40,72,53,59,1,1,1,1,1,1
79,ok,18.3991,0.341471,24.4467,116.54,820,48,1,11,10,87,32,1,0,1,1,1,1
80,ok,740.198,13.1019,21.7679,617.18,998,6,8,40,18,58,9,1,1,1,1,1,1
81,ok,38.4976,0.704199,25.0826,139.91,935,59,99,66,55,45,4,1,0,1,1,1,0
82,ok,669.488,12.8377,29.0785,611.75,998,46,57,16,55,82,13,1,1,1,1,1,1
83,ok,28.0739,0.514742,25.2637,122.16,847,46,33,28,87,48,63,1,1,1,1,1,1
84,ok,83.7191,1.5,23.7237,261.19,1018,1,29,54,0,91,30,0,1,1,0,1,1
85,ok,55.0998,0.985609,24.5534,304.37,1044,5,26,40,98,62,51,0,1,1,0,1,1
86,ok,18.9113,0.291234,26.7732,99.99,910,70,92,21,36,36,17,1,1,1,1,1,1
87,ok,599.386,8.90223,28.9563,1660.96,862,96,5,49,100,1,23,0,0,1,0,0,1
88,ok,342.741,6.3284,29.6259,1140.49,1114,73,79,62,22,50,22,1,1,1,1,1,1
89,ok,32.9924,0.618015,29.0791,208.69,889,72,40,35,69,38,61,1,1,1,1,1,1
90,ok,136.297,2.45093,25.2033,368.44,1033,54,2,50,38,69,0,1,0,1,1,1,0
91,ok,27.3685,0.531342,26.7066,103.77,892,32,59,2,77,75,20,1,1,0,1,1,1
92,ok,440.638,7.8683,22.8348,571.55,1094,72,78,79,54,93,2,1,1,1,1,1,0
93,ok,35.7272,0.712088,29.4625,120.01,829,84,96,7,96,72,35,1,0,1,0,1,1
94,ok,524.655,10.2137,27.5348,469.27,900,12,3,44,84,7,8,1,0,1,1,1,1
95,ok,459.626,7.23896,22.3376,547.85,890,60,50,31,100,19,21,1,1,1,0,1,1
96,ok,250.89,4.43547,27.2429,396.64,909,34,43,15,80,11,33,1,1,1,1,1,1
97,ok,149.182,2.91239,31.0803,223.69,988,58,0,55,97,21,12,1,0,1,0,1,1
98,ok,18.1887,0.345424,29.1,82.6,814,92,95,52,25,69,78,1,0,1,1,1,1
99,ok,118.44,1.84629,23.4408,1363.2,1004,95,26,58,32,48,0,0,1,1,1,1,0
