idx,network_snr,param,w90,window_lo,window_hi,clipped,lnl_range,h_coarse,h_fine,lnl_max_step_coarse,lnl_max_step_fine,refine_ratio_mean,refine_ratio_last,lnl_max_step_fine_over_sigma_scale,flux_max_step_jy,flux_max_step_over_thermal,dnorm_max_step,n_finite_fine
29,3.84941,M,4.93008e+09,3.12673e+09,8.0568e+09,0,3.64551,2.46504e+07,3.0813e+06,0.0529969,0.00665718,0.500818,0.500126,0.0133144,6.93889e-17,1.38778e-15,3.33278e-05,1601
29,3.84941,a_star,0.916273,0,0.648399,1,0.054121,0.003242,0.00040525,0.000522876,6.55155e-05,0.500398,0.50017,0.000131031,5.55112e-17,1.11022e-15,1.59884e-06,1601
29,3.84941,i,1.83075,0,1.50254,1,1.02505,0.0075127,0.000939087,0.0103969,0.00129964,0.500004,0.5,0.00259929,6.93889e-17,1.38778e-15,0.000265203,1601
29,3.84941,position_angle,2.59746,1.63858,3.14159,1,0.532734,0.00751505,0.000939381,0.00919631,0.00115094,0.500203,0.500071,0.00230187,5.55112e-17,1.11022e-15,6.48211e-06,1601
29,3.84941,ring_width_frac,0.350958,0.01,0.337775,1,0.938198,0.00163888,0.00020486,0.0726838,0.00917204,0.501586,0.500462,0.0183441,5.55112e-17,1.11022e-15,0.000486723,1601
29,3.84941,log10_total_flux_jy,0.231108,-1.29712,-1.06601,0,4.04184,0.00115554,0.000144442,0.0234424,0.0029303,0.5,0.5,0.00586061,0.000187105,0.00374211,4.98268e-06,1601
76,11.1608,M,5.56591e+09,3.08441e+09,8.65032e+09,0,5.53099,2.78295e+07,3.47869e+06,0.138505,0.0173547,0.500401,0.500022,0.0347095,1.66533e-16,3.33067e-15,0.00268161,1601
76,11.1608,a_star,0.89425,0.0759941,0.970244,0,0.269299,0.00447125,0.000558906,0.00988791,0.00125138,0.502068,0.500881,0.00250276,1.11022e-16,2.22045e-15,0.000237282,1601
76,11.1608,i,1.50136,0.504274,2.00563,0,11.6975,0.0075068,0.00093835,1.45993,2.2949,1.16723,1.22966,4.58979,1.11022e-16,2.22045e-15,0.0606726,1601
76,11.1608,position_angle,1.0624,1.13299,2.19538,0,7.86981,0.00531198,0.000663997,0.640882,0.0816652,0.503229,0.500892,0.16333,1.11022e-16,2.22045e-15,0.00321589,1601
76,11.1608,ring_width_frac,0.397987,0.01,0.220539,1,0.414463,0.00105269,0.000131587,0.0261274,0.00327346,0.500385,0.500065,0.00654693,1.66533e-16,3.33067e-15,0.00172533,1601
76,11.1608,log10_total_flux_jy,0.11179,-0.843375,-0.731586,0,5.0039,0.000558948,6.98685e-05,0.0400748,0.00501526,0.500197,0.500084,0.0100305,0.000195547,0.00391095,2.29232e-05,1601
62,30.3214,M,2.40828e+09,3.41134e+09,5.81961e+09,0,12.0869,1.20414e+07,1.50517e+06,0.233243,0.0295841,0.502443,0.501276,0.0591683,4.44089e-16,8.88178e-15,0.000373321,1601
62,30.3214,a_star,0.860383,0,0.499039,1,0.037442,0.0024952,0.000311899,0.000999284,0.000125961,0.501399,0.500598,0.000251922,4.44089e-16,8.88178e-15,1.91528e-05,1601
62,30.3214,i,2.60539,0,1.72002,1,71.2832,0.00860008,0.00107501,15.7759,10.7529,0.952281,0.607353,21.5057,5.55112e-16,1.11022e-14,0.283385,1601
62,30.3214,position_angle,2.73498,0.517822,3.14159,1,1.14659,0.0131189,0.00163986,0.0161294,0.00201624,0.500006,0.500002,0.00403248,3.33067e-16,6.66134e-15,0.000114524,1601
62,30.3214,ring_width_frac,0.408535,0.01,0.292371,1,3.14775,0.00141186,0.000176482,0.0411081,0.00515878,0.500656,0.500281,0.0103176,4.44089e-16,8.88178e-15,0.00314494,1601
62,30.3214,log10_total_flux_jy,0.0523378,-0.333855,-0.281517,0,2.82276,0.000261689,3.27111e-05,0.040737,0.00510697,0.500486,0.500208,0.0102139,0.000258112,0.00516225,1.07689e-05,1601
96,102.337,M,9.04566e+08,6.00107e+09,6.90563e+09,0,22.9313,4.52283e+06,565354,0.623012,0.0779072,0.500066,0.500006,0.155814,1.33227e-15,2.66454e-14,0.00372735,1601
96,102.337,a_star,0.86252,0.090843,0.953363,0,1.22743,0.0043126,0.000539075,0.114314,0.0154421,0.513151,0.505517,0.0308842,8.88178e-16,1.77636e-14,0.00180752,1601
96,102.337,i,1.41125,0.19619,1.60744,0,1713.18,0.00705624,0.00088203,660.359,936.009,1.16025,1.00901,1872.02,1.33227e-15,2.66454e-14,0.574237,1601
96,102.337,position_angle,0.12786,1.26601,1.39387,0,6.06937,0.000639301,7.99126e-05,0.184256,0.0232055,0.501252,0.500532,0.046411,1.33227e-15,2.66454e-14,0.00116815,1601
96,102.337,ring_width_frac,0.217335,0.01,0.125196,1,2.52637,0.000575981,7.19976e-05,0.344061,0.0461041,0.51176,0.505134,0.0922082,1.77636e-15,3.55271e-14,0.00691785,1601
96,102.337,log10_total_flux_jy,0.0144911,0.219473,0.233964,0,2.96975,7.24556e-05,9.05696e-06,0.0407836,0.005113,0.500492,0.50021,0.010226,0.00023422,0.00468439,1.99358e-05,1601
80,397.776,M,1.55506e+08,3e+09,3.09803e+09,1,11.5511,490144,61268.1,0.1612,0.0202123,0.500515,0.50022,0.0404246,5.32907e-15,1.06581e-13,0.00048028,1601
80,397.776,a_star,0.866929,0.0991058,0.966034,0,35.2016,0.00433464,0.00054183,1.25144,0.158769,0.502482,0.501063,0.317539,5.32907e-15,1.06581e-13,0.00229094,1601
80,397.776,i,1.38399,0.336996,1.72098,0,2053.27,0.00691993,0.000864992,1845.18,775.499,0.779113,0.544727,1551,5.32907e-15,1.06581e-13,1.27752,1601
80,397.776,position_angle,0.232249,0.0655598,0.297809,0,22.2955,0.00116124,0.000145155,0.459901,0.0577647,0.500802,0.500343,0.115529,5.32907e-15,1.06581e-13,0.00170468,1601
80,397.776,ring_width_frac,0.10446,0.0444574,0.148917,0,2.9772,0.0005223,6.52876e-05,0.325896,0.0425928,0.507496,0.503192,0.0851856,3.55271e-15,7.10543e-14,0.00538444,1601
80,397.776,log10_total_flux_jy,0.00433404,0.758497,0.762831,0,3.86383,2.16702e-05,2.70878e-06,0.0547066,0.00685951,0.500516,0.500221,0.013719,0.000236752,0.00473505,1.93397e-05,1601
